data_carga;exercicio_financeiro;acao;plano_orcamentario;grupo_despesa;modalidade_aplicacao;fonte;valor_dotacao_inicial;valor_dotacao_atualizado;valor_total_empenhado;valor_liquidado;valor_pago
21/02/21;2021;CONTRIBUICOES A ENTIDADES NACIONAIS SEM EXIGENCIA DE PROGRAM;CONTRIBUICAO A UNIAO NACIONAL DAS INSTITUICOES DE AUTOGESTAO EM SAUDE - UNIDAS;OUTRAS DESPESAS CORRENTES;TRANSF. A INST. PRIVADAS S/ FINS LUCRATIVOS;RECURSOS ORDINARIOS;78276.0;78276.0;62196.0;10366.0;10366.0
21/02/21;2021;CONTRIBUICOES A ENTIDADES NACIONAIS SEM EXIGENCIA DE PROGRAM;CONTRIBUICAO AO INSTITUTO BRASILEIRO DE GOVERNANCA CORPORATIVA - IBGC;OUTRAS DESPESAS CORRENTES;TRANSF. A INST. PRIVADAS S/ FINS LUCRATIVOS;RECURSOS ORDINARIOS;5923.0;5923.0;4881.0;4881.0;4881.0
21/02/21;2021;BENEFICIO ESPECIAL E DEMAIS COMPLEMENTACOES DE APOSENTADORIA; -;PESSOAL E ENCARGOS SOCIAIS;APLICACOES DIRETAS;RECURSOS LIVRES DA SEGURIDADE SOCIAL;350005.0;350005.0;0.0;0.0;0.0
21/02/21;2021;APOSENTADORIAS E PENSOES CIVIS DA UNIAO; -;PESSOAL E ENCARGOS SOCIAIS;APLICACOES DIRETAS;RECURSOS LIVRES DA SEGURIDADE SOCIAL;1699027227.0;1699027227.0;1653639687.57;0.0;0.0
21/02/21;2021;APOSENTADORIAS E PENSOES CIVIS DA UNIAO; -;PESSOAL E ENCARGOS SOCIAIS;APLICACOES DIRETAS;CONTRIB.DO SERV.PARA O PLANO SEG.SOC.SERV.PUB;146941548.0;146941548.0;140203506.18;42217761.56;0.0
21/02/21;2021;APOSENTADORIAS E PENSOES CIVIS DA UNIAO; -;PESSOAL E ENCARGOS SOCIAIS;APLICACOES DIRETAS;CONTR.PATRONAL PARA O PLANO SEG.SOC.SERV.PUB.;283857088.0;283857088.0;283020130.47;277179154.45;165783365.32
21/02/21;2021;APOSENTADORIAS E PENSOES DO EXTINTO INSTITUTO DE PREVIDENCIA; -;PESSOAL E ENCARGOS SOCIAIS;APLICACOES DIRETAS;RECURSOS LIVRES DA SEGURIDADE SOCIAL;22542816.0;22542816.0;22187944.55;3623848.35;1814820.08
21/02/21;2021;CONTRIBUICAO DA UNIAO, DE SUAS AUTARQUIAS E FUNDACOES PARA O; -;PESSOAL E ENCARGOS SOCIAIS;APLICACOES DIRETAS - OPERACOES INTERNAS;RECURSOS ORDINARIOS;196306177.0;196306177.0;148569449.48;29596598.42;29596598.42
21/02/21;2021;ASSISTENCIA MEDICA E ODONTOLOGICA AOS SERVIDORES CIVIS, EMPR;ASSISTENCIA MEDICA E ODONTOLOGICA DE CIVIS - COMPLEMENTACAO DA UNIAO;OUTRAS DESPESAS CORRENTES;APLICACOES DIRETAS;RECURSOS LIVRES DA SEGURIDADE SOCIAL;190580467.0;190580467.0;14040140.02;6746951.42;6059202.72
21/02/21;2021;ASSISTENCIA MEDICA E ODONTOLOGICA AOS SERVIDORES CIVIS, EMPR;ASSISTENCIA MEDICA E ODONTOLOGICA DE CIVIS - COMPLEMENTACAO DA UNIAO;OUTRAS DESPESAS CORRENTES;APLICACOES DIRETAS;REC.PROPRIOS PRIMARIOS APLICACAO ESPECIFICA;3572972.0;3572972.0;0.0;0.0;0.0
21/02/21;2021;ASSISTENCIA MEDICA E ODONTOLOGICA AOS SERVIDORES CIVIS, EMPR;ASSISTENCIA MEDICA E ODONTOLOGICA DE CIVIS - COMPLEMENTACAO DA UNIAO;INVESTIMENTOS;APLICACOES DIRETAS;RECURSOS LIVRES DA SEGURIDADE SOCIAL;300000.0;300000.0;0.0;0.0;0.0
21/02/21;2021;ASSISTENCIA MEDICA E ODONTOLOGICA AOS SERVIDORES CIVIS, EMPR;EXAMES PERIODICOS - CIVIS;OUTRAS DESPESAS CORRENTES;APLICACOES DIRETAS;RECURSOS LIVRES DA SEGURIDADE SOCIAL;380271.0;380271.0;0.0;0.0;0.0
21/02/21;2021;ATIVOS CIVIS DA UNIAO; -;PESSOAL E ENCARGOS SOCIAIS;APLICACOES DIRETAS;RECURSOS ORDINARIOS;1434560812.31;1434560812.31;1367868128.0;233557249.24;200286838.91
21/02/21;2021;ATIVOS CIVIS DA UNIAO; -;PESSOAL E ENCARGOS SOCIAIS;APLICACOES DIRETAS - OPERACOES INTERNAS;RECURSOS ORDINARIOS;92355325.69;92355325.69;89514748.93;15097100.9;15097100.9
21/02/21;2021;BENEFICIOS OBRIGATORIOS AOS SERVIDORES CIVIS, EMPREGADOS, MI;ASSISTENCIA PRE-ESCOLAR AOS DEPENDENTES DE SERVIDORES CIVIS E DE EMPREGADOS;OUTRAS DESPESAS CORRENTES;APLICACOES DIRETAS;RECURSOS ORDINARIOS;11370680.0;11370680.0;11001630.84;1782902.55;1273383.08
21/02/21;2021;BENEFICIOS OBRIGATORIOS AOS SERVIDORES CIVIS, EMPREGADOS, MI;AUXILIO-TRANSPORTE DE CIVIS ATIVOS;OUTRAS DESPESAS CORRENTES;APLICACOES DIRETAS;RECURSOS ORDINARIOS;767483.0;767483.0;518460.81;60503.06;48159.08
21/02/21;2021;BENEFICIOS OBRIGATORIOS AOS SERVIDORES CIVIS, EMPREGADOS, MI;AUXILIO-ALIMENTACAO DE CIVIS ATIVOS;OUTRAS DESPESAS CORRENTES;APLICACOES DIRETAS;RECURSOS ORDINARIOS;69765439.0;69765439.0;69022156.07;11320271.34;7579303.34
21/02/21;2021;BENEFICIOS OBRIGATORIOS AOS SERVIDORES CIVIS, EMPREGADOS, MI;AUXILIO-FUNERAL E NATALIDADE DE CIVIS;OUTRAS DESPESAS CORRENTES;APLICACOES DIRETAS;RECURSOS ORDINARIOS;3677668.0;3677668.0;3076522.0;426694.48;387401.16
21/02/21;2021;AJUDA DE CUSTO PARA MORADIA OU AUXILIO-MORADIA A AGENTES PUB; -;OUTRAS DESPESAS CORRENTES;APLICACOES DIRETAS;RECURSOS ORDINARIOS;55000.0;55000.0;20000.0;20000.0;20000.0
21/02/21;2021;PROCESSO LEGISLATIVO, FISCALIZACAO E REPRESENTACAO POLITICA;ADMINISTRACAO LEGISLATIVA;OUTRAS DESPESAS CORRENTES;APLICACOES DIRETAS;RECURSOS ORDINARIOS;50641748.98;50641748.98;21399630.21;5836989.29;4390934.66
21/02/21;2021;PROCESSO LEGISLATIVO, FISCALIZACAO E REPRESENTACAO POLITICA;ADMINISTRACAO LEGISLATIVA;OUTRAS DESPESAS CORRENTES;APLICACOES DIRETAS;REC.PROPRIOS PRIMARIOS DE LIVRE APLICACAO;3914561.0;3914561.0;11398.06;0.0;0.0
21/02/21;2021;PROCESSO LEGISLATIVO, FISCALIZACAO E REPRESENTACAO POLITICA;ADMINISTRACAO LEGISLATIVA;OUTRAS DESPESAS CORRENTES;APLICACOES DIRETAS - OPERACOES INTERNAS;RECURSOS ORDINARIOS;8357.02;8357.02;8357.02;2900.17;2900.17
21/02/21;2021;PROCESSO LEGISLATIVO, FISCALIZACAO E REPRESENTACAO POLITICA;ADMINISTRACAO LEGISLATIVA;INVESTIMENTOS;APLICACOES DIRETAS;REC.PROP.DECOR.ALIEN.BENS E DIR.DO PATR.PUB.;68000.0;68000.0;0.0;0.0;0.0
21/02/21;2021;PROCESSO LEGISLATIVO, FISCALIZACAO E REPRESENTACAO POLITICA;GESTAO DO SISTEMA DE INFORMATICA;OUTRAS DESPESAS CORRENTES;APLICACOES DIRETAS;RECURSOS ORDINARIOS;15707572.0;15707572.0;12188402.2;343346.02;261437.86
21/02/21;2021;PROCESSO LEGISLATIVO, FISCALIZACAO E REPRESENTACAO POLITICA;PRODUCAO E DISTRIBUICAO DE DOCUMENTOS LEGISLATIVOS;OUTRAS DESPESAS CORRENTES;APLICACOES DIRETAS;RECURSOS ORDINARIOS;5287179.0;5287179.0;1154927.04;255935.6;251250.6
21/02/21;2021;PROCESSO LEGISLATIVO, FISCALIZACAO E REPRESENTACAO POLITICA;PRODUCAO E DISTRIBUICAO DE DOCUMENTOS LEGISLATIVOS;OUTRAS DESPESAS CORRENTES;APLICACOES DIRETAS;REC.PROPRIOS PRIMARIOS DE LIVRE APLICACAO;866199.0;866199.0;10472.5;10472.5;0.0
21/02/21;2021;PROCESSO LEGISLATIVO, FISCALIZACAO E REPRESENTACAO POLITICA;DISSEMINACAO DE CONHECIMENTOS LEGISLATIVOS E GERENCIAIS;OUTRAS DESPESAS CORRENTES;APLICACOES DIRETAS;RECURSOS ORDINARIOS;898263.0;898263.0;347910.49;272443.46;272443.46
21/02/21;2021;PROCESSO LEGISLATIVO, FISCALIZACAO E REPRESENTACAO POLITICA;MODERNIZACAO E ADEQUACAO DA ACESSIBILIDADE NO COMPLEXO ARQUITETONICO;OUTRAS DESPESAS CORRENTES;APLICACOES DIRETAS;RECURSOS ORDINARIOS;849636.0;849636.0;238992.0;138329.0;138329.0
21/02/21;2021;PROCESSO LEGISLATIVO, FISCALIZACAO E REPRESENTACAO POLITICA;COMUNICACAO E DIVULGACAO INSTITUCIONAL;OUTRAS DESPESAS CORRENTES;APLICACOES DIRETAS;RECURSOS ORDINARIOS;12774530.46;12774530.46;5477458.44;218086.08;161433.96
21/02/21;2021;PROCESSO LEGISLATIVO, FISCALIZACAO E REPRESENTACAO POLITICA;COMUNICACAO E DIVULGACAO INSTITUCIONAL;OUTRAS DESPESAS CORRENTES;APLICACOES DIRETAS - OPERACOES INTERNAS;RECURSOS ORDINARIOS;306380.54;306380.54;306380.54;15133.59;15133.59
21/02/21;2020;CONTRIBUICOES A ORGANISMOS INTERNACIONAIS SEM EXIGENCIA DE P;CONTRIBUICAO A ASSOCIACAO DOS SECRETARIOS-GERAIS DO PARLAMENTO - ASPG;OUTRAS DESPESAS CORRENTES;TRANSFERENCIAS AO EXTERIOR;RECURSOS ORDINARIOS;4749.0;4749.0;0.0;0.0;0.0
21/02/21;2020;CONTRIBUICOES A ORGANISMOS INTERNACIONAIS SEM EXIGENCIA DE P;CONTRIBUICAO A FEDERACAO INTERNACIONAL DAS ASSOCIACOES E INSTITUICOES BIBLIOTECARIAS - IFLA;OUTRAS DESPESAS CORRENTES;TRANSFERENCIAS AO EXTERIOR;RECURSOS ORDINARIOS;3363.0;3363.0;3319.03;3319.03;3319.03
21/02/21;2020;CONTRIBUICOES A ORGANISMOS INTERNACIONAIS SEM EXIGENCIA DE P;CONTRIBUICAO AO PARLAMERICAS;OUTRAS DESPESAS CORRENTES;TRANSFERENCIAS AO EXTERIOR;RECURSOS ORDINARIOS;109375.0;107875.0;99862.96;99862.96;99862.96
21/02/21;2020;CONTRIBUICOES A ORGANISMOS INTERNACIONAIS SEM EXIGENCIA DE P;CONTRIBUICAO AO CONSELHO INTERNACIONAL DE ARQUIVOS - ICA;OUTRAS DESPESAS CORRENTES;TRANSFERENCIAS AO EXTERIOR;RECURSOS ORDINARIOS;1255.0;2755.0;1906.83;1906.83;1906.83
21/02/21;2020;CONTRIBUICOES A ORGANISMOS INTERNACIONAIS SEM EXIGENCIA DE P;CONTRIBUICAO AO PARLAMENTO LATINO-AMERICANO;OUTRAS DESPESAS CORRENTES;TRANSFERENCIAS AO EXTERIOR;RECURSOS ORDINARIOS;190704.0;190704.0;159158.88;159158.88;159158.88
21/02/21;2020;CONTRIBUICOES A ORGANISMOS INTERNACIONAIS SEM EXIGENCIA DE P;CONTRIBUICAO A UNIAO INTERPARLAMENTAR;OUTRAS DESPESAS CORRENTES;TRANSFERENCIAS AO EXTERIOR;RECURSOS ORDINARIOS;990232.0;990232.0;884787.23;884787.23;884787.23
21/02/21;2020;CONTRIBUICOES A ENTIDADES NACIONAIS SEM EXIGENCIA DE PROGRAM;CONTRIBUICAO A ASSOCIACAO BRASILEIRA DAS ESCOLAS DO LEGISLATIVO E DE CONTAS - ABEL;OUTRAS DESPESAS CORRENTES;TRANSF. A INST. PRIVADAS S/ FINS LUCRATIVOS;RECURSOS ORDINARIOS;10800.0;10800.0;9000.0;9000.0;9000.0
21/02/21;2020;CONTRIBUICOES A ENTIDADES NACIONAIS SEM EXIGENCIA DE PROGRAM;CONTRIBUICAO A UNIAO NACIONAL DAS INSTITUICOES DE AUTOGESTAO EM SAUDE - UNIDAS;OUTRAS DESPESAS CORRENTES;TRANSF. A INST. PRIVADAS S/ FINS LUCRATIVOS;RECURSOS ORDINARIOS;64844.0;64686.0;62620.68;62620.68;62620.68
21/02/21;2020;CONTRIBUICOES A ENTIDADES NACIONAIS SEM EXIGENCIA DE PROGRAM;CONTRIBUICAO A ASSOCIACAO BRASILEIRA DE TELEVISOES E RADIOS LEGISLATIVAS - ASTRAL;OUTRAS DESPESAS CORRENTES;TRANSF. A INST. PRIVADAS S/ FINS LUCRATIVOS;RECURSOS ORDINARIOS;16800.0;16800.0;14000.0;14000.0;14000.0
21/02/21;2020;CONTRIBUICOES A ENTIDADES NACIONAIS SEM EXIGENCIA DE PROGRAM;CONTRIBUICAO AO INSTITUTO BRASILEIRO DE GOVERNANCA CORPORATIVA - IBGC;OUTRAS DESPESAS CORRENTES;TRANSF. A INST. PRIVADAS S/ FINS LUCRATIVOS;RECURSOS ORDINARIOS;4580.0;4738.0;4738.0;4738.0;4738.0
21/02/21;2020;APOSENTADORIAS E PENSOES CIVIS DA UNIAO; -;PESSOAL E ENCARGOS SOCIAIS;APLICACOES DIRETAS;RECURSOS LIVRES DA SEGURIDADE SOCIAL;1776389639.0;1776389639.0;1728203852.08;1728008927.74;1728008927.74
21/02/21;2020;APOSENTADORIAS E PENSOES CIVIS DA UNIAO; -;PESSOAL E ENCARGOS SOCIAIS;APLICACOES DIRETAS;CONTRIB.DO SERV.PARA O PLANO SEG.SOC.SERV.PUB;139493368.0;139493368.0;137279763.81;137279763.81;137279763.81
21/02/21;2020;APOSENTADORIAS E PENSOES CIVIS DA UNIAO; -;PESSOAL E ENCARGOS SOCIAIS;APLICACOES DIRETAS;CONTR.PATRONAL PARA O PLANO SEG.SOC.SERV.PUB.;219913761.0;219913761.0;217279170.94;217279170.94;217279170.94
21/02/21;2020;APOSENTADORIAS E PENSOES DO EXTINTO INSTITUTO DE PREVIDENCIA; -;PESSOAL E ENCARGOS SOCIAIS;APLICACOES DIRETAS;RECURSOS LIVRES DA SEGURIDADE SOCIAL;22676851.0;22676851.0;22170162.59;22170162.59;22170162.59
21/02/21;2020;CONTRIBUICAO DA UNIAO, DE SUAS AUTARQUIAS E FUNDACOES PARA O; -;PESSOAL E ENCARGOS SOCIAIS;APLICACOES DIRETAS - OPERACOES INTERNAS;RECURSOS ORDINARIOS;148580079.0;186548138.0;184548495.58;184548495.58;184548495.58
21/02/21;2020;RESERVA DE CONTINGENCIA - FINANCEIRA; -;PESSOAL E ENCARGOS SOCIAIS;APLICACOES DIRETAS - OPERACOES INTERNAS;RECURSOS ORDINARIOS;389686.0;389686.0;0.0;0.0;0.0
21/02/21;2020;RESERVA DE CONTINGENCIA FISCAL - PRIMARIA; -;PESSOAL E ENCARGOS SOCIAIS;APLICACOES DIRETAS;RECURSOS ORDINARIOS;8995177.0;8995177.0;0.0;0.0;0.0
21/02/21;2020;ASSISTENCIA MEDICA E ODONTOLOGICA AOS SERVIDORES CIVIS, EMPR;ASSISTENCIA MEDICA E ODONTOLOGICA DE CIVIS - COMPLEMENTACAO DA UNIAO;OUTRAS DESPESAS CORRENTES;APLICACOES DIRETAS;RECURSOS ORDINARIOS;0.0;20192182.0;20192182.0;0.0;0.0
21/02/21;2020;ASSISTENCIA MEDICA E ODONTOLOGICA AOS SERVIDORES CIVIS, EMPR;ASSISTENCIA MEDICA E ODONTOLOGICA DE CIVIS - COMPLEMENTACAO DA UNIAO;OUTRAS DESPESAS CORRENTES;APLICACOES DIRETAS;RECURSOS LIVRES DA SEGURIDADE SOCIAL;185509269.0;185509269.0;184793093.52;178380496.0;178353344.16
21/02/21;2020;ASSISTENCIA MEDICA E ODONTOLOGICA AOS SERVIDORES CIVIS, EMPR;ASSISTENCIA MEDICA E ODONTOLOGICA DE CIVIS - COMPLEMENTACAO DA UNIAO;OUTRAS DESPESAS CORRENTES;APLICACOES DIRETAS;REC.PROPRIOS PRIMARIOS APLICACAO ESPECIFICA;0.0;3139185.0;2712514.97;2712514.97;2712514.97
21/02/21;2020;ASSISTENCIA MEDICA E ODONTOLOGICA AOS SERVIDORES CIVIS, EMPR;ASSISTENCIA MEDICA E ODONTOLOGICA DE CIVIS - COMPLEMENTACAO DA UNIAO;INVESTIMENTOS;APLICACOES DIRETAS;RECURSOS LIVRES DA SEGURIDADE SOCIAL;49158.0;49158.0;0.0;0.0;0.0
21/02/21;2020;ASSISTENCIA MEDICA E ODONTOLOGICA AOS SERVIDORES CIVIS, EMPR;EXAMES PERIODICOS - CIVIS;OUTRAS DESPESAS CORRENTES;APLICACOES DIRETAS;RECURSOS LIVRES DA SEGURIDADE SOCIAL;371576.0;371576.0;0.0;0.0;0.0
21/02/21;2020;ATIVOS CIVIS DA UNIAO; -;PESSOAL E ENCARGOS SOCIAIS;APLICACOES DIRETAS;RECURSOS ORDINARIOS;1443930571.3;1443930571.3;1356433268.83;1354920792.89;1354211116.04
21/02/21;2020;ATIVOS CIVIS DA UNIAO; -;PESSOAL E ENCARGOS SOCIAIS;APLICACOES DIRETAS - OPERACOES INTERNAS;RECURSOS ORDINARIOS;92563777.7;92563777.7;88582876.89;88582876.89;88582876.89
21/02/21;2020;BENEFICIOS OBRIGATORIOS AOS SERVIDORES CIVIS, EMPREGADOS, MI;ASSISTENCIA PRE-ESCOLAR AOS DEPENDENTES DE SERVIDORES CIVIS E DE EMPREGADOS;OUTRAS DESPESAS CORRENTES;APLICACOES DIRETAS;RECURSOS ORDINARIOS;10522172.0;11028229.0;11008280.36;11008280.36;11008280.36
21/02/21;2020;BENEFICIOS OBRIGATORIOS AOS SERVIDORES CIVIS, EMPREGADOS, MI;AUXILIO-TRANSPORTE DE CIVIS;OUTRAS DESPESAS CORRENTES;APLICACOES DIRETAS;RECURSOS ORDINARIOS;656425.0;518461.0;491312.58;491312.58;491312.58
21/02/21;2020;BENEFICIOS OBRIGATORIOS AOS SERVIDORES CIVIS, EMPREGADOS, MI;AUXILIO-ALIMENTACAO DE CIVIS;OUTRAS DESPESAS CORRENTES;APLICACOES DIRETAS;RECURSOS ORDINARIOS;68258370.0;68981119.0;68977391.36;68938549.01;68900524.64
21/02/21;2020;BENEFICIOS OBRIGATORIOS AOS SERVIDORES CIVIS, EMPREGADOS, MI;AUXILIO-FUNERAL E NATALIDADE DE CIVIS;OUTRAS DESPESAS CORRENTES;APLICACOES DIRETAS;RECURSOS ORDINARIOS;2938558.0;3182808.0;3074154.88;3036337.9;3036337.9
21/02/21;2020;AJUDA DE CUSTO PARA MORADIA OU AUXILIO-MORADIA A AGENTES PUB; -;OUTRAS DESPESAS CORRENTES;APLICACOES DIRETAS;RECURSOS ORDINARIOS;648885.0;348885.0;221232.55;221232.55;221232.55
21/02/21;2020;COMUNICACAO E DIVULGACAO INSTITUCIONAL; -;OUTRAS DESPESAS CORRENTES;APLICACOES DIRETAS;RECURSOS ORDINARIOS;60855260.18;50355260.18;47909143.67;42393023.98;42391671.92
21/02/21;2020;COMUNICACAO E DIVULGACAO INSTITUCIONAL; -;OUTRAS DESPESAS CORRENTES;APLICACOES DIRETAS - OPERACOES INTERNAS;RECURSOS ORDINARIOS;624565.82;624565.82;298585.54;256292.86;256292.86
21/02/21;2020;COMUNICACAO E DIVULGACAO INSTITUCIONAL; -;INVESTIMENTOS;APLICACOES DIRETAS;RECURSOS ORDINARIOS;7175700.0;7175700.0;5958352.89;3986704.32;3986704.32
21/02/21;2020;PROCESSO LEGISLATIVO, FISCALIZACAO E REPRESENTACAO POLITICA;ADMINISTRACAO LEGISLATIVA;OUTRAS DESPESAS CORRENTES;APLICACOES DIRETAS;RECURSOS ORDINARIOS;299317400.98;298015562.98;264490886.15;206220773.05;204897480.41
21/02/21;2020;PROCESSO LEGISLATIVO, FISCALIZACAO E REPRESENTACAO POLITICA;ADMINISTRACAO LEGISLATIVA;OUTRAS DESPESAS CORRENTES;APLICACOES DIRETAS;REC.PROPRIOS PRIMARIOS DE LIVRE APLICACAO;2302362.0;2302362.0;579550.0;7107.96;7107.96
21/02/21;2020;PROCESSO LEGISLATIVO, FISCALIZACAO E REPRESENTACAO POLITICA;ADMINISTRACAO LEGISLATIVA;OUTRAS DESPESAS CORRENTES;APLICACOES DIRETAS - OPERACOES INTERNAS;RECURSOS ORDINARIOS;285912.02;285912.02;190689.48;41590.28;41590.28
21/02/21;2020;PROCESSO LEGISLATIVO, FISCALIZACAO E REPRESENTACAO POLITICA;ADMINISTRACAO LEGISLATIVA;INVESTIMENTOS;APLICACOES DIRETAS;RECURSOS ORDINARIOS;25457544.83;17396830.83;14868484.84;2990091.93;2989972.87
21/02/21;2020;PROCESSO LEGISLATIVO, FISCALIZACAO E REPRESENTACAO POLITICA;ADMINISTRACAO LEGISLATIVA;INVESTIMENTOS;APLICACOES DIRETAS;REC.PROPRIOS PRIMARIOS DE LIVRE APLICACAO;2187027.0;2003027.0;1381801.96;360546.62;360546.62
21/02/21;2020;PROCESSO LEGISLATIVO, FISCALIZACAO E REPRESENTACAO POLITICA;ADMINISTRACAO LEGISLATIVA;INVESTIMENTOS;APLICACOES DIRETAS;REC.PROP.DECOR.ALIEN.BENS E DIR.DO PATR.PUB.;164610.0;164610.0;0.0;0.0;0.0
21/02/21;2020;PROCESSO LEGISLATIVO, FISCALIZACAO E REPRESENTACAO POLITICA;ADMINISTRACAO LEGISLATIVA;INVESTIMENTOS;APLICACAO DIRETA DE RECURSOS  RECEBIDOS DE OUTROS ENTESDA FEDERACAO DECORRENTES DE DELEGACAO/DESCENTRALIZACAO;RECURSOS ORDINARIOS;5995.17;5995.17;0.0;0.0;0.0
21/02/21;2020;PROCESSO LEGISLATIVO, FISCALIZACAO E REPRESENTACAO POLITICA;GESTAO DO SISTEMA DE INFORMATICA;OUTRAS DESPESAS CORRENTES;APLICACOES DIRETAS;RECURSOS ORDINARIOS;37816311.82;28689037.82;23972289.59;19000165.55;18996817.43
21/02/21;2020;PROCESSO LEGISLATIVO, FISCALIZACAO E REPRESENTACAO POLITICA;GESTAO DO SISTEMA DE INFORMATICA;OUTRAS DESPESAS CORRENTES;APLICACOES DIRETAS - OPERACOES INTERNAS;RECURSOS ORDINARIOS;69.18;69.18;69.18;69.18;69.18
21/02/21;2020;PROCESSO LEGISLATIVO, FISCALIZACAO E REPRESENTACAO POLITICA;GESTAO DO SISTEMA DE INFORMATICA;INVESTIMENTOS;APLICACOES DIRETAS;RECURSOS ORDINARIOS;2541297.0;10602011.0;6482238.14;1944278.63;1944278.63
21/02/21;2020;PROCESSO LEGISLATIVO, FISCALIZACAO E REPRESENTACAO POLITICA;PRODUCAO E DISTRIBUICAO DE DOCUMENTOS LEGISLATIVOS;OUTRAS DESPESAS CORRENTES;APLICACOES DIRETAS;RECURSOS ORDINARIOS;18570261.0;16970261.0;15311591.43;11461250.36;11461250.36
21/02/21;2020;PROCESSO LEGISLATIVO, FISCALIZACAO E REPRESENTACAO POLITICA;PRODUCAO E DISTRIBUICAO DE DOCUMENTOS LEGISLATIVOS;INVESTIMENTOS;APLICACOES DIRETAS;REC.PROPRIOS PRIMARIOS DE LIVRE APLICACAO;0.0;184000.0;175000.0;64000.0;64000.0
21/02/21;2020;PROCESSO LEGISLATIVO, FISCALIZACAO E REPRESENTACAO POLITICA;DISSEMINACAO DE CONHECIMENTOS LEGISLATIVOS E GERENCIAIS;OUTRAS DESPESAS CORRENTES;APLICACOES DIRETAS;RECURSOS ORDINARIOS;3960339.0;3960339.0;605837.81;445937.61;445937.61
21/02/21;2020;PROCESSO LEGISLATIVO, FISCALIZACAO E REPRESENTACAO POLITICA;MODERNIZACAO E ADEQUACAO DA ACESSIBILIDADE NO COMPLEXO ARQUITETONICO;OUTRAS DESPESAS CORRENTES;APLICACOES DIRETAS;RECURSOS ORDINARIOS;674426.0;1976264.0;1399742.29;1195812.24;1195146.69
21/02/21;2020;PROCESSO LEGISLATIVO, FISCALIZACAO E REPRESENTACAO POLITICA;FUNCIONAMENTO DA INSTITUICAO FISCAL INDEPENDENTE (IFI);OUTRAS DESPESAS CORRENTES;APLICACOES DIRETAS;RECURSOS ORDINARIOS;58230.0;58230.0;0.0;0.0;0.0
21/02/21;2020;APRECIACAO E JULGAMENTO DE CAUSAS;JULGAMENTO DE PROCESSOS;OUTRAS DESPESAS CORRENTES;APLICACOES DIRETAS;RECURSOS ORDINARIOS;665138.3;665138.3;665138.3;665138.3;665138.3
21/02/21;2019;CONTRIBUICOES A ORGANISMOS INTERNACIONAIS SEM EXIGENCIA DE P;CONTRIBUICAO A ASSOCIACAO DOS SECRETARIOS-GERAIS DO PARLAMENTO - ASPG;OUTRAS DESPESAS CORRENTES;TRANSFERENCIAS AO EXTERIOR;RECURSOS ORDINARIOS;4571.0;4571.0;3683.39;3683.39;3683.39
21/02/21;2019;CONTRIBUICOES A ORGANISMOS INTERNACIONAIS SEM EXIGENCIA DE P;CONTRIBUICAO A FEDERACAO INTERNACIONAL DAS ASSOCIACOES E INSTITUICOES BIBLIOTECARIAS - IFLA;OUTRAS DESPESAS CORRENTES;TRANSFERENCIAS AO EXTERIOR;RECURSOS ORDINARIOS;3363.0;3363.0;2791.33;2791.33;2791.33
21/02/21;2019;CONTRIBUICOES A ORGANISMOS INTERNACIONAIS SEM EXIGENCIA DE P;CONTRIBUICAO AO CONSELHO INTERNACIONAL DE ARQUIVOS - ICA;OUTRAS DESPESAS CORRENTES;TRANSFERENCIAS AO EXTERIOR;RECURSOS ORDINARIOS;1255.0;1255.0;1072.81;1072.81;1072.81
21/02/21;2019;CONTRIBUICOES A ORGANISMOS INTERNACIONAIS SEM EXIGENCIA DE P;CONTRIBUICAO AO PARLAMENTO LATINO-AMERICANO;OUTRAS DESPESAS CORRENTES;TRANSFERENCIAS AO EXTERIOR;RECURSOS ORDINARIOS;187138.0;187138.0;155239.96;155239.96;155239.96
21/02/21;2019;CONTRIBUICOES A ORGANISMOS INTERNACIONAIS SEM EXIGENCIA DE P;CONTRIBUICAO A UNIAO INTERPARLAMENTAR;OUTRAS DESPESAS CORRENTES;TRANSFERENCIAS AO EXTERIOR;RECURSOS ORDINARIOS;996035.0;996035.0;892795.78;892795.78;892795.78
21/02/21;2019;CONTRIBUICOES A ENTIDADES NACIONAIS SEM EXIGENCIA DE PROGRAM;CONTRIBUICAO A ASSOCIACAO BRASILEIRA DAS ESCOLAS DO LEGISLATIVO E DE CONTAS - ABEL;OUTRAS DESPESAS CORRENTES;TRANSF. A INST. PRIVADAS S/ FINS LUCRATIVOS;RECURSOS ORDINARIOS;10800.0;10800.0;9000.0;9000.0;9000.0
21/02/21;2019;CONTRIBUICOES A ENTIDADES NACIONAIS SEM EXIGENCIA DE PROGRAM;CONTRIBUICAO A UNIAO NACIONAL DAS INSTITUICOES DE AUTOGESTAO EM SAUDE - UNIDAS;OUTRAS DESPESAS CORRENTES;TRANSF. A INST. PRIVADAS S/ FINS LUCRATIVOS;RECURSOS ORDINARIOS;64844.0;62554.0;55657.08;55657.08;55657.08
21/02/21;2019;CONTRIBUICOES A ENTIDADES NACIONAIS SEM EXIGENCIA DE PROGRAM;CONTRIBUICAO A ASSOCIACAO BRASILEIRA DE TELEVISOES E RADIOS LEGISLATIVAS - ASTRAL;OUTRAS DESPESAS CORRENTES;TRANSF. A INST. PRIVADAS S/ FINS LUCRATIVOS;RECURSOS ORDINARIOS;16800.0;16800.0;14000.0;14000.0;14000.0
21/02/21;2019;CONTRIBUICOES A ENTIDADES NACIONAIS SEM EXIGENCIA DE PROGRAM;CONTRIBUICAO AO INSTITUTO BRASILEIRO DE GOVERNANCA CORPORATIVA - IBGC;OUTRAS DESPESAS CORRENTES;TRANSF. A INST. PRIVADAS S/ FINS LUCRATIVOS;RECURSOS ORDINARIOS;0.0;2290.0;1908.33;1908.33;1908.33
21/02/21;2019;APOSENTADORIAS E PENSOES CIVIS DA UNIAO; -;PESSOAL E ENCARGOS SOCIAIS;APLICACOES DIRETAS;RECURSOS ORDINARIOS;0.0;47555016.0;42012415.93;42012415.93;42012415.93
21/02/21;2019;APOSENTADORIAS E PENSOES CIVIS DA UNIAO; -;PESSOAL E ENCARGOS SOCIAIS;APLICACOES DIRETAS;REC.DEST.ATIVIDADES-FINS DA SEGURIDADE SOCIAL;1741993147.0;1741993147.0;1738590148.29;1738590148.29;1738590148.29
21/02/21;2019;APOSENTADORIAS E PENSOES CIVIS DA UNIAO; -;PESSOAL E ENCARGOS SOCIAIS;APLICACOES DIRETAS;CONTRIB.DO SERV.PARA O PLANO SEG.SOC.SERV.PUB;118605721.0;118605721.0;118605721.0;118605721.0;118605721.0
21/02/21;2019;APOSENTADORIAS E PENSOES CIVIS DA UNIAO; -;PESSOAL E ENCARGOS SOCIAIS;APLICACOES DIRETAS;CONTR.PATRONAL PARA O PLANO SEG.SOC.SERV.PUB.;195324601.0;195324601.0;195324601.0;195324601.0;195324601.0
21/02/21;2019;APOSENTADORIAS E PENSOES DO EXTINTO INSTITUTO DE PREVIDENCIA; -;PESSOAL E ENCARGOS SOCIAIS;APLICACOES DIRETAS;RECURSOS ORDINARIOS;21948868.0;22652347.0;22651314.03;22651314.03;22651314.03
21/02/21;2019;CONTRIBUICAO DA UNIAO, DE SUAS AUTARQUIAS E FUNDACOES PARA O; -;PESSOAL E ENCARGOS SOCIAIS;APLICACOES DIRETAS - OPERACOES INTERNAS;RECURSOS ORDINARIOS;174066368.0;174066368.0;146708102.77;146708102.77;146708102.77
21/02/21;2019;RESERVA DE CONTINGENCIA - FINANCEIRA;CPSS DECORRENTE DO ATENDIMENTO DO ART. 169, ? 1., INCISO II DA CONSTITUICAO FEDERAL - FINANCEIRA;PESSOAL E ENCARGOS SOCIAIS;APLICACOES DIRETAS - OPERACOES INTERNAS;RECURSOS ORDINARIOS;376763.0;376763.0;0.0;0.0;0.0
21/02/21;2019;RESERVA DE CONTINGENCIA FISCAL - PRIMARIA;RECURSOS PARA ATENDIMENTO DO ART. 169, ? 1., INCISO II DA CONSTITUICAO FEDERAL, ANEXO V DA LOA - PRIMARIA;PESSOAL E ENCARGOS SOCIAIS;APLICACOES DIRETAS;RECURSOS ORDINARIOS;9000176.0;9000176.0;0.0;0.0;0.0
21/02/21;2019;ADMINISTRACAO DA UNIDADE;PROMOCAO INSTITUCIONAL E APOIO AO GABINETE DA PRESIDENCIA;OUTRAS DESPESAS CORRENTES;APLICACOES DIRETAS;RECURSOS ORDINARIOS;36412.3;36412.3;36412.3;36412.3;36412.3
21/02/21;2019;ASSISTENCIA MEDICA E ODONTOLOGICA AOS SERVIDORES CIVIS, EMPR;ASSISTENCIA MEDICA E ODONTOLOGICA DE CIVIS - COMPLEMENTACAO DA UNIAO;OUTRAS DESPESAS CORRENTES;APLICACOES DIRETAS;RECURSOS ORDINARIOS;164001698.0;181694060.0;180914633.41;179393888.83;179269843.22
21/02/21;2019;ASSISTENCIA MEDICA E ODONTOLOGICA AOS SERVIDORES CIVIS, EMPR;ASSISTENCIA MEDICA E ODONTOLOGICA DE CIVIS - COMPLEMENTACAO DA UNIAO;OUTRAS DESPESAS CORRENTES;APLICACOES DIRETAS;REC.PROPRIOS PRIMARIOS DE LIVRE APLICACAO;2251190.0;2251190.0;2251190.0;2251190.0;2251190.0
21/02/21;2019;ASSISTENCIA MEDICA E ODONTOLOGICA AOS SERVIDORES CIVIS, EMPR;ASSISTENCIA MEDICA E ODONTOLOGICA DE CIVIS - COMPLEMENTACAO DA UNIAO;INVESTIMENTOS;APLICACOES DIRETAS;RECURSOS ORDINARIOS;127765.0;127765.0;40570.0;1670.0;1670.0
21/02/21;2019;ASSISTENCIA MEDICA E ODONTOLOGICA AOS SERVIDORES CIVIS, EMPR;EXAMES PERIODICOS - CIVIS;OUTRAS DESPESAS CORRENTES;APLICACOES DIRETAS;RECURSOS ORDINARIOS;349978.0;11131.0;11130.02;3492.02;3492.02
21/02/21;2019;ATIVOS CIVIS DA UNIAO; -;PESSOAL E ENCARGOS SOCIAIS;APLICACOES DIRETAS;RECURSOS ORDINARIOS;1444709187.63;1396450692.63;1385941528.05;1385906546.87;1385906546.87
21/02/21;2019;ATIVOS CIVIS DA UNIAO; -;PESSOAL E ENCARGOS SOCIAIS;APLICACOES DIRETAS - OPERACOES INTERNAS;RECURSOS ORDINARIOS;84916080.37;84916080.37;83555148.74;83555148.74;83555148.74
21/02/21;2019;BENEFICIOS OBRIGATORIOS AOS SERVIDORES CIVIS, EMPREGADOS, MI;ASSISTENCIA PRE-ESCOLAR AOS DEPENDENTES DE SERVIDORES CIVIS E DE EMPREGADOS;OUTRAS DESPESAS CORRENTES;APLICACOES DIRETAS;RECURSOS ORDINARIOS;10842043.0;10842043.0;10480158.86;10480158.86;10480158.86
21/02/21;2019;BENEFICIOS OBRIGATORIOS AOS SERVIDORES CIVIS, EMPREGADOS, MI;AUXILIO-TRANSPORTE DE CIVIS;OUTRAS DESPESAS CORRENTES;APLICACOES DIRETAS;RECURSOS ORDINARIOS;1065172.0;1065172.0;649628.03;649628.03;649628.03
21/02/21;2019;BENEFICIOS OBRIGATORIOS AOS SERVIDORES CIVIS, EMPREGADOS, MI;AUXILIO-ALIMENTACAO DE CIVIS;OUTRAS DESPESAS CORRENTES;APLICACOES DIRETAS;RECURSOS ORDINARIOS;71678936.0;71045646.0;65679494.76;65679494.76;65679494.76
21/02/21;2019;BENEFICIOS OBRIGATORIOS AOS SERVIDORES CIVIS, EMPREGADOS, MI;AUXILIO-FUNERAL E NATALIDADE DE CIVIS;OUTRAS DESPESAS CORRENTES;APLICACOES DIRETAS;RECURSOS ORDINARIOS;2338338.0;2971628.0;2888550.13;2881845.87;2828290.12
21/02/21;2019;AJUDA DE CUSTO PARA MORADIA OU AUXILIO-MORADIA A AGENTES PUB; -;OUTRAS DESPESAS CORRENTES;APLICACOES DIRETAS;RECURSOS ORDINARIOS;1320000.0;1320000.0;481703.29;481703.29;481703.29
21/02/21;2019;COMUNICACAO E DIVULGACAO INSTITUCIONAL; -;OUTRAS DESPESAS CORRENTES;APLICACOES DIRETAS;RECURSOS ORDINARIOS;57672126.29;57672126.29;46761020.5;42291858.39;42276115.69
21/02/21;2019;COMUNICACAO E DIVULGACAO INSTITUCIONAL; -;OUTRAS DESPESAS CORRENTES;APLICACOES DIRETAS - OPERACOES INTERNAS;RECURSOS ORDINARIOS;304186.71;304186.71;304186.71;270894.25;270894.25
21/02/21;2019;COMUNICACAO E DIVULGACAO INSTITUCIONAL; -;INVESTIMENTOS;APLICACOES DIRETAS;RECURSOS ORDINARIOS;6281305.0;6281305.0;5140608.11;38928.48;38928.48
21/02/21;2019;PROCESSO LEGISLATIVO, FISCALIZACAO E REPRESENTACAO POLITICA;ADMINISTRACAO LEGISLATIVA;OUTRAS DESPESAS CORRENTES;APLICACOES DIRETAS;RECURSOS ORDINARIOS;308268993.15;285222885.15;263712430.99;234801185.0;234422314.81
21/02/21;2019;PROCESSO LEGISLATIVO, FISCALIZACAO E REPRESENTACAO POLITICA;ADMINISTRACAO LEGISLATIVA;OUTRAS DESPESAS CORRENTES;APLICACOES DIRETAS;REC.PROPRIOS PRIMARIOS DE LIVRE APLICACAO;3425960.0;3425960.0;327883.3;256699.8;256699.8
21/02/21;2019;PROCESSO LEGISLATIVO, FISCALIZACAO E REPRESENTACAO POLITICA;ADMINISTRACAO LEGISLATIVA;OUTRAS DESPESAS CORRENTES;APLICACOES DIRETAS - OPERACOES INTERNAS;RECURSOS ORDINARIOS;350841.85;350841.85;206762.09;171488.45;206138.45
21/02/21;2019;PROCESSO LEGISLATIVO, FISCALIZACAO E REPRESENTACAO POLITICA;ADMINISTRACAO LEGISLATIVA;INVESTIMENTOS;APLICACOES DIRETAS;RECURSOS ORDINARIOS;10655804.0;8432457.0;5756302.41;1785712.45;1780763.68
21/02/21;2019;PROCESSO LEGISLATIVO, FISCALIZACAO E REPRESENTACAO POLITICA;ADMINISTRACAO LEGISLATIVA;INVESTIMENTOS;APLICACOES DIRETAS;REC.PROPRIOS PRIMARIOS DE LIVRE APLICACAO;3428938.0;3128938.0;813172.01;174101.0;174101.0
21/02/21;2019;PROCESSO LEGISLATIVO, FISCALIZACAO E REPRESENTACAO POLITICA;GESTAO DO SISTEMA DE INFORMATICA;OUTRAS DESPESAS CORRENTES;APLICACOES DIRETAS;RECURSOS ORDINARIOS;28951048.82;34328641.82;31323071.38;22149951.09;22112530.38
21/02/21;2019;PROCESSO LEGISLATIVO, FISCALIZACAO E REPRESENTACAO POLITICA;GESTAO DO SISTEMA DE INFORMATICA;OUTRAS DESPESAS CORRENTES;APLICACOES DIRETAS - OPERACOES INTERNAS;RECURSOS ORDINARIOS;69.18;69.18;69.18;69.18;69.18
21/02/21;2019;PROCESSO LEGISLATIVO, FISCALIZACAO E REPRESENTACAO POLITICA;GESTAO DO SISTEMA DE INFORMATICA;INVESTIMENTOS;APLICACOES DIRETAS;RECURSOS ORDINARIOS;13305448.0;15528795.0;12028289.51;6365891.84;6365891.84
21/02/21;2019;PROCESSO LEGISLATIVO, FISCALIZACAO E REPRESENTACAO POLITICA;GESTAO DO SISTEMA DE INFORMATICA;INVESTIMENTOS;APLICACOES DIRETAS;REC.PROPRIOS PRIMARIOS DE LIVRE APLICACAO;0.0;300000.0;0.0;0.0;0.0
21/02/21;2019;PROCESSO LEGISLATIVO, FISCALIZACAO E REPRESENTACAO POLITICA;PRODUCAO E DISTRIBUICAO DE DOCUMENTOS LEGISLATIVOS;OUTRAS DESPESAS CORRENTES;APLICACOES DIRETAS;RECURSOS ORDINARIOS;19588664.0;19588664.0;15484233.23;14154159.17;14131433.15
21/02/21;2019;PROCESSO LEGISLATIVO, FISCALIZACAO E REPRESENTACAO POLITICA;DISSEMINACAO DE CONHECIMENTOS LEGISLATIVOS E GERENCIAIS;OUTRAS DESPESAS CORRENTES;APLICACOES DIRETAS;RECURSOS ORDINARIOS;2609553.0;2924553.0;1800011.11;952968.08;952968.08
21/02/21;2019;PROCESSO LEGISLATIVO, FISCALIZACAO E REPRESENTACAO POLITICA;MODERNIZACAO E ADEQUACAO DA ACESSIBILIDADE NO COMPLEXO ARQUITETONICO;OUTRAS DESPESAS CORRENTES;APLICACOES DIRETAS;RECURSOS ORDINARIOS;670671.0;670671.0;89704.23;12484.85;12484.85
21/02/21;2019;PROCESSO LEGISLATIVO, FISCALIZACAO E REPRESENTACAO POLITICA;FUNCIONAMENTO DA INSTITUICAO FISCAL INDEPENDENTE (IFI);OUTRAS DESPESAS CORRENTES;APLICACOES DIRETAS;RECURSOS ORDINARIOS;58230.0;58230.0;6326.25;6326.25;6326.25
21/02/21;2019;PROCESSO LEGISLATIVO, FISCALIZACAO E REPRESENTACAO POLITICA;FUNCIONAMENTO DA INSTITUICAO FISCAL INDEPENDENTE (IFI);INVESTIMENTOS;APLICACOES DIRETAS;RECURSOS ORDINARIOS;22839.0;22839.0;0.0;0.0;0.0
21/02/21;2019;APRECIACAO E JULGAMENTO DE CAUSAS;JULGAMENTO DE PROCESSOS;OUTRAS DESPESAS CORRENTES;APLICACOES DIRETAS;RECURSOS ORDINARIOS;367804.29;367804.29;367804.29;367804.29;367804.29
21/02/21;2019;JULGAMENTO DE CAUSAS NA JUSTICA FEDERAL; -;OUTRAS DESPESAS CORRENTES;APLICACOES DIRETAS;RECURSOS ORDINARIOS;27360.0;27360.0;27360.0;27360.0;27360.0
21/02/21;2018;CONTRIBUICOES A ORGANISMOS INTERNACIONAIS SEM EXIGENCIA DE P;CONTRIBUICAO A ASSOCIACAO DOS SECRETARIOS-GERAIS DO PARLAMENTO - ASPG;OUTRAS DESPESAS CORRENTES;TRANSFERENCIAS AO EXTERIOR;RECURSOS ORDINARIOS;3418.0;7906.0;6811.6;6811.6;6811.6
21/02/21;2018;CONTRIBUICOES A ORGANISMOS INTERNACIONAIS SEM EXIGENCIA DE P;CONTRIBUICAO A FEDERACAO INTERNACIONAL DAS ASSOCIACOES E INSTITUICOES BIBLIOTECARIAS - IFLA;OUTRAS DESPESAS CORRENTES;TRANSFERENCIAS AO EXTERIOR;RECURSOS ORDINARIOS;2806.0;3206.0;2829.49;2829.49;2829.49
21/02/21;2018;CONTRIBUICOES A ORGANISMOS INTERNACIONAIS SEM EXIGENCIA DE P;CONTRIBUICAO A ORGANIZACAO MUNDIAL DE TURISMO - OMT;OUTRAS DESPESAS CORRENTES;TRANSFERENCIAS AO EXTERIOR;RECURSOS ORDINARIOS;12562.0;12562.0;0.0;0.0;0.0
21/02/21;2018;CONTRIBUICOES A ORGANISMOS INTERNACIONAIS SEM EXIGENCIA DE P;CONTRIBUICAO AO PARLAMERICAS;OUTRAS DESPESAS CORRENTES;TRANSFERENCIAS AO EXTERIOR;RECURSOS ORDINARIOS;66202.0;66202.0;60847.1;60847.1;60847.1
21/02/21;2018;CONTRIBUICOES A ORGANISMOS INTERNACIONAIS SEM EXIGENCIA DE P;CONTRIBUICAO AO CONSELHO INTERNACIONAL DE ARQUIVOS - ICA;OUTRAS DESPESAS CORRENTES;TRANSFERENCIAS AO EXTERIOR;RECURSOS ORDINARIOS;0.0;1136.0;1109.8;1109.8;1109.8
21/02/21;2018;CONTRIBUICOES A ORGANISMOS INTERNACIONAIS SEM EXIGENCIA DE P;CONTRIBUICAO AO PARLAMENTO LATINO-AMERICANO;OUTRAS DESPESAS CORRENTES;TRANSFERENCIAS AO EXTERIOR;RECURSOS ORDINARIOS;132404.0;282204.0;270319.94;270319.94;270319.94
21/02/21;2018;CONTRIBUICOES A ORGANISMOS INTERNACIONAIS SEM EXIGENCIA DE P;CONTRIBUICAO A UNIAO INTERPARLAMENTAR;OUTRAS DESPESAS CORRENTES;TRANSFERENCIAS AO EXTERIOR;RECURSOS ORDINARIOS;922508.0;871484.0;838796.94;838796.94;838796.94
21/02/21;2018;CONTRIBUICOES A ENTIDADES NACIONAIS SEM EXIGENCIA DE PROGRAM;CONTRIBUICAO A ASSOCIACAO BRASILEIRA DAS ESCOLAS DO LEGISLATIVO E DE CONTAS - ABEL;OUTRAS DESPESAS CORRENTES;TRANSF. A INST. PRIVADAS S/ FINS LUCRATIVOS;RECURSOS ORDINARIOS;9000.0;9000.0;9000.0;9000.0;9000.0
21/02/21;2018;CONTRIBUICOES A ENTIDADES NACIONAIS SEM EXIGENCIA DE PROGRAM;CONTRIBUICAO A UNIAO NACIONAL DAS INSTITUICOES DE AUTOGESTAO EM SAUDE - UNIDAS;OUTRAS DESPESAS CORRENTES;TRANSF. A INST. PRIVADAS S/ FINS LUCRATIVOS;RECURSOS ORDINARIOS;51340.0;54036.0;54036.0;54036.0;54036.0
21/02/21;2018;CONTRIBUICOES A ENTIDADES NACIONAIS SEM EXIGENCIA DE PROGRAM;CONTRIBUICAO A ASSOCIACAO BRASILEIRA DE TELEVISOES E RADIOS LEGISLATIVAS - ASTRAL;OUTRAS DESPESAS CORRENTES;TRANSF. A INST. PRIVADAS S/ FINS LUCRATIVOS;RECURSOS ORDINARIOS;0.0;14000.0;14000.0;14000.0;14000.0
21/02/21;2018;APOSENTADORIAS E PENSOES CIVIS DA UNIAO; -;PESSOAL E ENCARGOS SOCIAIS;APLICACOES DIRETAS;RECURSOS ORDINARIOS;1373678556.0;1449132474.0;1376805467.9;1376805467.9;1376805467.9
21/02/21;2018;APOSENTADORIAS E PENSOES CIVIS DA UNIAO; -;PESSOAL E ENCARGOS SOCIAIS;APLICACOES DIRETAS;CONTRIB.DO SERV.PARA O PLANO SEG.SOC.SERV.PUB;356588812.0;307052884.0;307028769.44;307028769.44;307028769.44
21/02/21;2018;APOSENTADORIAS E PENSOES CIVIS DA UNIAO; -;PESSOAL E ENCARGOS SOCIAIS;APLICACOES DIRETAS;CONTR.PATRONAL PARA O PLANO SEG.SOC.SERV.PUB.;235537441.0;209619451.0;209589436.8;209589436.8;209589436.8
21/02/21;2018;APOSENTADORIAS E PENSOES DO EXTINTO INSTITUTO DE PREVIDENCIA; -;PESSOAL E ENCARGOS SOCIAIS;APLICACOES DIRETAS;RECURSOS ORDINARIOS;22959446.0;22959446.0;22262924.51;22262924.51;22262924.51
21/02/21;2018;CONTRIBUICAO DA UNIAO, DE SUAS AUTARQUIAS E FUNDACOES PARA O; -;PESSOAL E ENCARGOS SOCIAIS;APLICACOES DIRETAS - OPERACOES INTERNAS;RECURSOS ORDINARIOS;224190157.0;224190157.0;161726580.08;161726580.08;161726580.08
21/02/21;2018;RESERVA DE CONTINGENCIA - FINANCEIRA;CPSS DECORRENTE DO ATENDIMENTO DO ART. 169, ? 1., INCISO II DA CONSTITUICAO FEDERAL - FINANCEIRA;PESSOAL E ENCARGOS SOCIAIS;APLICACOES DIRETAS - OPERACOES INTERNAS;RECURSOS ORDINARIOS;645965.0;645965.0;0.0;0.0;0.0
21/02/21;2018;RESERVA DE CONTINGENCIA FISCAL - PRIMARIA;RECURSOS PARA ATENDIMENTO DO ART. 169, ? 1., INCISO II DA CONSTITUICAO FEDERAL, ANEXO V DA LOA - PRIMARIA;PESSOAL E ENCARGOS SOCIAIS;APLICACOES DIRETAS;RECURSOS ORDINARIOS;13600768.0;13600768.0;0.0;0.0;0.0
21/02/21;2018;ASSISTENCIA MEDICA E ODONTOLOGICA AOS SERVIDORES CIVIS, EMPR;ASSISTENCIA MEDICA E ODONTOLOGICA DE CIVIS - COMPLEMENTACAO DA UNIAO;OUTRAS DESPESAS CORRENTES;APLICACOES DIRETAS;RECURSOS ORDINARIOS;130607713.0;178211478.0;177865957.61;177061514.96;177061446.88
21/02/21;2018;ASSISTENCIA MEDICA E ODONTOLOGICA AOS SERVIDORES CIVIS, EMPR;ASSISTENCIA MEDICA E ODONTOLOGICA DE CIVIS - COMPLEMENTACAO DA UNIAO;OUTRAS DESPESAS CORRENTES;APLICACOES DIRETAS;REC.PROPRIOS PRIMARIOS DE LIVRE APLICACAO;1582697.0;7046991.0;6929466.66;6929466.66;6929466.66
21/02/21;2018;ASSISTENCIA MEDICA E ODONTOLOGICA AOS SERVIDORES CIVIS, EMPR;ASSISTENCIA MEDICA E ODONTOLOGICA DE CIVIS - COMPLEMENTACAO DA UNIAO;INVESTIMENTOS;APLICACOES DIRETAS;RECURSOS ORDINARIOS;142000.0;142000.0;55697.56;897.56;897.56
21/02/21;2018;ASSISTENCIA MEDICA E ODONTOLOGICA AOS SERVIDORES CIVIS, EMPR;EXAMES PERIODICOS - CIVIS;OUTRAS DESPESAS CORRENTES;APLICACOES DIRETAS;RECURSOS ORDINARIOS;385184.0;233125.0;233124.86;92335.88;92335.88
21/02/21;2018;ATIVOS CIVIS DA UNIAO; -;PESSOAL E ENCARGOS SOCIAIS;APLICACOES DIRETAS;RECURSOS ORDINARIOS;1384029168.11;1362221241.11;1352157337.34;1352157337.34;1352157337.34
21/02/21;2018;ATIVOS CIVIS DA UNIAO; -;PESSOAL E ENCARGOS SOCIAIS;APLICACOES DIRETAS - OPERACOES INTERNAS;RECURSOS ORDINARIOS;82847722.89;82847722.89;82846601.61;82846601.61;82846601.61
21/02/21;2018;BENEFICIOS OBRIGATORIOS AOS SERVIDORES CIVIS, EMPREGADOS, MI;ASSISTENCIA PRE-ESCOLAR AOS DEPENDENTES DE SERVIDORES CIVIS E DE EMPREGADOS;OUTRAS DESPESAS CORRENTES;APLICACOES DIRETAS;RECURSOS ORDINARIOS;10502917.0;11551672.0;11090455.86;11090455.86;11090455.86
21/02/21;2018;BENEFICIOS OBRIGATORIOS AOS SERVIDORES CIVIS, EMPREGADOS, MI;AUXILIO-TRANSPORTE DE CIVIS;OUTRAS DESPESAS CORRENTES;APLICACOES DIRETAS;RECURSOS ORDINARIOS;913790.0;1100288.0;862586.71;862586.71;862586.71
21/02/21;2018;BENEFICIOS OBRIGATORIOS AOS SERVIDORES CIVIS, EMPREGADOS, MI;AUXILIO-ALIMENTACAO DE CIVIS;OUTRAS DESPESAS CORRENTES;APLICACOES DIRETAS;RECURSOS ORDINARIOS;70346964.0;71588156.0;70633371.11;70633371.11;70633371.11
21/02/21;2018;BENEFICIOS OBRIGATORIOS AOS SERVIDORES CIVIS, EMPREGADOS, MI;AUXILIO-FUNERAL E NATALIDADE DE CIVIS;OUTRAS DESPESAS CORRENTES;APLICACOES DIRETAS;RECURSOS ORDINARIOS;1977396.0;2308878.0;1995324.08;1995324.08;1995324.08
21/02/21;2018;AJUDA DE CUSTO PARA MORADIA OU AUXILIO-MORADIA A AGENTES PUB; -;OUTRAS DESPESAS CORRENTES;APLICACOES DIRETAS;RECURSOS ORDINARIOS;1122000.0;1122000.0;1118858.92;1118858.92;1118858.92
21/02/21;2018;COMUNICACAO E DIVULGACAO INSTITUCIONAL; -;OUTRAS DESPESAS CORRENTES;APLICACOES DIRETAS;RECURSOS ORDINARIOS;57527458.62;57527458.62;49049086.48;47080909.62;46112610.29
21/02/21;2018;COMUNICACAO E DIVULGACAO INSTITUCIONAL; -;OUTRAS DESPESAS CORRENTES;APLICACOES DIRETAS - OPERACOES INTERNAS;RECURSOS ORDINARIOS;1332540.38;1332540.38;567375.22;490838.53;490838.53
21/02/21;2018;COMUNICACAO E DIVULGACAO INSTITUCIONAL; -;INVESTIMENTOS;APLICACOES DIRETAS;RECURSOS ORDINARIOS;9740965.0;9740965.0;4835950.23;1288957.63;1288957.63
21/02/21;2018;PROCESSO LEGISLATIVO, FISCALIZACAO E REPRESENTACAO POLITICA;ADMINISTRACAO LEGISLATIVA;OUTRAS DESPESAS CORRENTES;APLICACOES DIRETAS;RECURSOS ORDINARIOS;286229118.93;268594394.93;253372953.55;232283494.43;230242550.12
21/02/21;2018;PROCESSO LEGISLATIVO, FISCALIZACAO E REPRESENTACAO POLITICA;ADMINISTRACAO LEGISLATIVA;OUTRAS DESPESAS CORRENTES;APLICACOES DIRETAS;REC.PROPRIOS PRIMARIOS DE LIVRE APLICACAO;1741134.0;18950.0;18950.0;0.0;0.0
21/02/21;2018;PROCESSO LEGISLATIVO, FISCALIZACAO E REPRESENTACAO POLITICA;ADMINISTRACAO LEGISLATIVA;OUTRAS DESPESAS CORRENTES;APLICACOES DIRETAS - OPERACOES INTERNAS;RECURSOS ORDINARIOS;375979.07;375979.07;177500.46;165368.32;165368.32
21/02/21;2018;PROCESSO LEGISLATIVO, FISCALIZACAO E REPRESENTACAO POLITICA;ADMINISTRACAO LEGISLATIVA;INVESTIMENTOS;APLICACOES DIRETAS;RECURSOS ORDINARIOS;11509105.0;11451315.0;6108498.31;3617050.29;3458811.47
21/02/21;2018;PROCESSO LEGISLATIVO, FISCALIZACAO E REPRESENTACAO POLITICA;ADMINISTRACAO LEGISLATIVA;INVESTIMENTOS;APLICACOES DIRETAS;REC.PROPRIOS PRIMARIOS DE LIVRE APLICACAO;3210895.0;434622.0;144621.3;144621.3;144621.3
21/02/21;2018;PROCESSO LEGISLATIVO, FISCALIZACAO E REPRESENTACAO POLITICA;ADMINISTRACAO LEGISLATIVA;INVESTIMENTOS;APLICACOES DIRETAS;REC.PROP.DECOR.ALIEN.BENS E DIR.DO PATR.PUB.;180000.0;180000.0;0.0;0.0;0.0
21/02/21;2018;PROCESSO LEGISLATIVO, FISCALIZACAO E REPRESENTACAO POLITICA;GESTAO DO SISTEMA DE INFORMATICA;OUTRAS DESPESAS CORRENTES;APLICACOES DIRETAS;RECURSOS ORDINARIOS;34242073.82;31242073.82;25345079.73;22183670.08;21821948.71
21/02/21;2018;PROCESSO LEGISLATIVO, FISCALIZACAO E REPRESENTACAO POLITICA;GESTAO DO SISTEMA DE INFORMATICA;OUTRAS DESPESAS CORRENTES;APLICACOES DIRETAS;REC.PROPRIOS PRIMARIOS DE LIVRE APLICACAO;0.0;31146.0;29421.27;29421.27;29421.27
21/02/21;2018;PROCESSO LEGISLATIVO, FISCALIZACAO E REPRESENTACAO POLITICA;GESTAO DO SISTEMA DE INFORMATICA;OUTRAS DESPESAS CORRENTES;APLICACOES DIRETAS - OPERACOES INTERNAS;RECURSOS ORDINARIOS;69.18;69.18;69.18;69.18;69.18
21/02/21;2018;PROCESSO LEGISLATIVO, FISCALIZACAO E REPRESENTACAO POLITICA;GESTAO DO SISTEMA DE INFORMATICA;INVESTIMENTOS;APLICACOES DIRETAS;RECURSOS ORDINARIOS;24068850.0;18617144.0;5137671.38;4399686.93;4254110.43
21/02/21;2018;PROCESSO LEGISLATIVO, FISCALIZACAO E REPRESENTACAO POLITICA;PRODUCAO E DISTRIBUICAO DE DOCUMENTOS LEGISLATIVOS;OUTRAS DESPESAS CORRENTES;APLICACOES DIRETAS;RECURSOS ORDINARIOS;20189667.0;17689667.0;16731829.05;15404293.95;15404293.95
21/02/21;2018;PROCESSO LEGISLATIVO, FISCALIZACAO E REPRESENTACAO POLITICA;PRODUCAO E DISTRIBUICAO DE DOCUMENTOS LEGISLATIVOS;OUTRAS DESPESAS CORRENTES;APLICACOES DIRETAS - OPERACOES INTERNAS;RECURSOS ORDINARIOS;4000.0;4000.0;0.0;0.0;0.0
21/02/21;2018;PROCESSO LEGISLATIVO, FISCALIZACAO E REPRESENTACAO POLITICA;PRODUCAO E DISTRIBUICAO DE DOCUMENTOS LEGISLATIVOS;INVESTIMENTOS;APLICACOES DIRETAS;RECURSOS ORDINARIOS;90000.0;140000.0;96941.9;96941.9;96778.7
21/02/21;2018;PROCESSO LEGISLATIVO, FISCALIZACAO E REPRESENTACAO POLITICA;DISSEMINACAO DE CONHECIMENTOS LEGISLATIVOS E GERENCIAIS;OUTRAS DESPESAS CORRENTES;APLICACOES DIRETAS;RECURSOS ORDINARIOS;6027896.0;6027896.0;1744602.55;1504507.89;1504507.89
21/02/21;2018;PROCESSO LEGISLATIVO, FISCALIZACAO E REPRESENTACAO POLITICA;MODERNIZACAO E ADEQUACAO DA ACESSIBILIDADE NO COMPLEXO ARQUITETONICO;OUTRAS DESPESAS CORRENTES;APLICACOES DIRETAS;RECURSOS ORDINARIOS;350000.0;350000.0;0.0;0.0;0.0
21/02/21;2018;PROCESSO LEGISLATIVO, FISCALIZACAO E REPRESENTACAO POLITICA;MODERNIZACAO E ADEQUACAO DA ACESSIBILIDADE NO COMPLEXO ARQUITETONICO;INVESTIMENTOS;APLICACOES DIRETAS;RECURSOS ORDINARIOS;700000.0;700000.0;0.0;0.0;0.0
21/02/21;2018;PROCESSO LEGISLATIVO, FISCALIZACAO E REPRESENTACAO POLITICA;FUNCIONAMENTO DA INSTITUICAO FISCAL INDEPENDENTE (IFI);OUTRAS DESPESAS CORRENTES;APLICACOES DIRETAS;RECURSOS ORDINARIOS;0.0;13228.0;13226.92;13226.92;13226.92
21/02/21;2018;PROCESSO LEGISLATIVO, FISCALIZACAO E REPRESENTACAO POLITICA;FUNCIONAMENTO DA INSTITUICAO FISCAL INDEPENDENTE (IFI);INVESTIMENTOS;APLICACOES DIRETAS;RECURSOS ORDINARIOS;0.0;7790.0;7790.0;7790.0;7790.0
21/02/21;2018;APRECIACAO E JULGAMENTO DE CAUSAS;JULGAMENTO DE PROCESSOS;OUTRAS DESPESAS CORRENTES;APLICACOES DIRETAS;RECURSOS ORDINARIOS;476000.0;476000.0;476000.0;476000.0;476000.0
21/02/21;2018;JULGAMENTO DE CAUSAS NA JUSTICA FEDERAL; -;OUTRAS DESPESAS CORRENTES;APLICACOES DIRETAS;RECURSOS ORDINARIOS;45600.0;45600.0;45600.0;45600.0;45600.0
21/02/21;2017;CONTRIBUICAO DA UNIAO PARA O CUSTEIO DO REGIME DE PREVIDENCI;CONTRIBUICAO DA UNIAO PARA O CUSTEIO DO REGIME DE PREVIDENCIA DOS SERVIDORES PUBLICOS FEDERAIS DECORRENTE DO PROVIMENTO DE CARGOS E FUNCOES E REESTRUTURACAO DE CARGOS E CARREIRAS E REVISAO DE REMUNERA;PESSOAL E ENCARGOS SOCIAIS;APLICACOES DIRETAS - OPERACOES INTERNAS;RECURSOS ORDINARIOS;479920.0;479920.0;0.0;0.0;0.0
21/02/21;2017;BENEFICIOS ASSISTENCIAIS DECORRENTES DO AUXILIO-FUNERAL E NA;AUXILIO-FUNERAL E NATALIDADE DE CIVIS;OUTRAS DESPESAS CORRENTES;APLICACOES DIRETAS;RECURSOS ORDINARIOS;1977396.0;1977396.0;1977396.0;1806252.66;1806252.66
21/02/21;2017;CONTRIBUICOES A ORGANISMOS INTERNACIONAIS SEM EXIGENCIA DE P;CONTRIBUICAO A ASSOCIACAO DOS SECRETARIOS-GERAIS DO PARLAMENTO - ASPG;OUTRAS DESPESAS CORRENTES;TRANSFERENCIAS AO EXTERIOR;RECURSOS ORDINARIOS;3323.0;3281.0;0.0;0.0;0.0
21/02/21;2017;CONTRIBUICOES A ORGANISMOS INTERNACIONAIS SEM EXIGENCIA DE P;CONTRIBUICAO A FEDERACAO INTERNACIONAL DAS ASSOCIACOES E INSTITUICOES BIBLIOTECARIAS - IFLA;OUTRAS DESPESAS CORRENTES;TRANSFERENCIAS AO EXTERIOR;RECURSOS ORDINARIOS;2490.0;2415.0;2156.94;2156.94;2156.94
21/02/21;2017;CONTRIBUICOES A ORGANISMOS INTERNACIONAIS SEM EXIGENCIA DE P;CONTRIBUICAO A ORGANIZACAO MUNDIAL DE TURISMO - OMT;OUTRAS DESPESAS CORRENTES;TRANSFERENCIAS AO EXTERIOR;RECURSOS ORDINARIOS;11602.0;2000.0;0.0;0.0;0.0
21/02/21;2017;CONTRIBUICOES A ORGANISMOS INTERNACIONAIS SEM EXIGENCIA DE P;CONTRIBUICAO AO PARLAMENTO LATINO-AMERICANO;OUTRAS DESPESAS CORRENTES;TRANSFERENCIAS AO EXTERIOR;RECURSOS ORDINARIOS;130582.0;112133.0;0.0;0.0;0.0
21/02/21;2017;CONTRIBUICOES A ORGANISMOS INTERNACIONAIS SEM EXIGENCIA DE P;CONTRIBUICAO A UNIAO INTERPARLAMENTAR;OUTRAS DESPESAS CORRENTES;TRANSFERENCIAS AO EXTERIOR;RECURSOS ORDINARIOS;700655.0;728823.0;728822.41;728822.41;728822.41
21/02/21;2017;CONTRIBUICOES A ENTIDADES NACIONAIS SEM EXIGENCIA DE PROGRAM;CONTRIBUICAO A ASSOCIACAO BRASILEIRA DAS ESCOLAS DO LEGISLATIVO E DE CONTAS - ABEL;OUTRAS DESPESAS CORRENTES;TRANSF. A INST. PRIVADAS S/ FINS LUCRATIVOS;RECURSOS ORDINARIOS;9789.0;9789.0;9000.0;9000.0;9000.0
21/02/21;2017;CONTRIBUICOES A ENTIDADES NACIONAIS SEM EXIGENCIA DE PROGRAM;CONTRIBUICAO A UNIAO NACIONAL DAS INSTITUICOES DE AUTOGESTAO EM SAUDE - UNIDAS;OUTRAS DESPESAS CORRENTES;TRANSF. A INST. PRIVADAS S/ FINS LUCRATIVOS;RECURSOS ORDINARIOS;51881.0;51881.0;51339.6;51339.6;51339.6
21/02/21;2017;APOSENTADORIAS E PENSOES CIVIS DA UNIAO; -;PESSOAL E ENCARGOS SOCIAIS;APLICACOES DIRETAS;RECURSOS ORDINARIOS;1337598524.0;1357053524.0;1350996296.57;1349399816.29;1349399816.29
21/02/21;2017;APOSENTADORIAS E PENSOES CIVIS DA UNIAO; -;PESSOAL E ENCARGOS SOCIAIS;APLICACOES DIRETAS;CONTRIB.DO SERV.PARA O PLANO SEG.SOC.SERV.PUB;291926469.0;291926469.0;291926469.0;291926469.0;291926469.0
21/02/21;2017;APOSENTADORIAS E PENSOES CIVIS DA UNIAO; -;PESSOAL E ENCARGOS SOCIAIS;APLICACOES DIRETAS;CONTR.PATRONAL PARA O PLANO SEG.SOC.SERV.PUB.;235033006.0;235033006.0;235033006.0;235033006.0;235033006.0
21/02/21;2017;APOSENTADORIAS E PENSOES DO EXTINTO INSTITUTO DE PREVIDENCIA; -;PESSOAL E ENCARGOS SOCIAIS;APLICACOES DIRETAS;RECURSOS ORDINARIOS;23343128.0;23343128.0;23163127.83;23163127.83;23163127.83
21/02/21;2017;CONTRIBUICAO DA UNIAO, DE SUAS AUTARQUIAS E FUNDACOES PARA O; -;PESSOAL E ENCARGOS SOCIAIS;APLICACOES DIRETAS - OPERACOES INTERNAS;RECURSOS ORDINARIOS;224741223.0;224741223.0;187588094.59;187588094.59;187588094.59
21/02/21;2017;PROVIMENTO DE CARGOS E FUNCOES E REESTRUTURACAO DE CARGOS, C;PROVIMENTO DE CARGOS E FUNCOES E REESTRUTURACAO DE CARGOS, CARREIRAS E REVISAO DE REMUNERACOES - ANEXO V DA LOA;PESSOAL E ENCARGOS SOCIAIS;APLICACOES DIRETAS;RECURSOS ORDINARIOS;9249200.0;9249200.0;0.0;0.0;0.0
21/02/21;2017;ASSISTENCIA MEDICA E ODONTOLOGICA AOS SERVIDORES CIVIS, EMPR;ASSISTENCIA MEDICA E ODONTOLOGICA DE CIVIS - COMPLEMENTACAO DA UNIAO;OUTRAS DESPESAS CORRENTES;APLICACOES DIRETAS;RECURSOS ORDINARIOS;116630282.0;131765782.0;131614497.76;125569232.81;125568760.65
21/02/21;2017;ASSISTENCIA MEDICA E ODONTOLOGICA AOS SERVIDORES CIVIS, EMPR;ASSISTENCIA MEDICA E ODONTOLOGICA DE CIVIS - COMPLEMENTACAO DA UNIAO;OUTRAS DESPESAS CORRENTES;APLICACOES DIRETAS;REC.PROPRIOS PRIMARIOS DE LIVRE APLICACAO;1278933.0;1278933.0;1278933.0;1278933.0;1278933.0
21/02/21;2017;ASSISTENCIA MEDICA E ODONTOLOGICA AOS SERVIDORES CIVIS, EMPR;ASSISTENCIA MEDICA E ODONTOLOGICA DE CIVIS - COMPLEMENTACAO DA UNIAO;INVESTIMENTOS;APLICACOES DIRETAS;RECURSOS ORDINARIOS;71600.0;71600.0;890.0;890.0;890.0
21/02/21;2017;ASSISTENCIA MEDICA E ODONTOLOGICA AOS SERVIDORES CIVIS, EMPR;EXAMES PERIODICOS - CIVIS;OUTRAS DESPESAS CORRENTES;APLICACOES DIRETAS;RECURSOS ORDINARIOS;381401.0;80901.0;24985.09;24985.09;24985.09
21/02/21;2017;ASSISTENCIA PRE-ESCOLAR AOS DEPENDENTES DOS SERVIDORES CIVIS;ASSISTENCIA PRE-ESCOLAR AOS DEPENDENTES DOS SERVIDORES CIVIS E DE EMPREGADOS;OUTRAS DESPESAS CORRENTES;APLICACOES DIRETAS;RECURSOS ORDINARIOS;9468456.0;9896456.0;9880035.76;9880035.76;9880035.76
21/02/21;2017;ASSISTENCIA PRE-ESCOLAR AOS DEPENDENTES DOS SERVIDORES CIVIS;ASSISTENCIA PRE-ESCOLAR AOS DEPENDENTES DOS SERVIDORES CIVIS E DE EMPREGADOS;OUTRAS DESPESAS CORRENTES;APLICACOES DIRETAS;RECURSOS FINANCEIROS DE LIVRE APLICACAO;0.0;663738.0;663738.0;663738.0;663738.0
21/02/21;2017;AUXILIO-TRANSPORTE AOS SERVIDORES CIVIS, EMPREGADOS E MILITA;AUXILIO-TRANSPORTE - CIVIS;OUTRAS DESPESAS CORRENTES;APLICACOES DIRETAS;RECURSOS ORDINARIOS;1509744.0;811744.0;790358.16;790358.16;790358.16
21/02/21;2017;AUXILIO-ALIMENTACAO AOS SERVIDORES CIVIS, EMPREGADOS E MILIT;AUXILIO-ALIMENTACAO DE CIVIS;OUTRAS DESPESAS CORRENTES;APLICACOES DIRETAS;RECURSOS ORDINARIOS;68667984.0;64867984.0;64715925.79;64715925.79;64715925.79
21/02/21;2017;AUXILIO-ALIMENTACAO AOS SERVIDORES CIVIS, EMPREGADOS E MILIT;AUXILIO-ALIMENTACAO DE CIVIS;OUTRAS DESPESAS CORRENTES;APLICACOES DIRETAS;RECURSOS FINANCEIROS DE LIVRE APLICACAO;0.0;4813625.0;4813625.0;4813625.0;4813625.0
21/02/21;2017;ATIVOS CIVIS DA UNIAO; -;PESSOAL E ENCARGOS SOCIAIS;APLICACOES DIRETAS;RECURSOS ORDINARIOS;1401502623.59;1371282623.59;1359456384.49;1357943797.99;1356711246.24
21/02/21;2017;ATIVOS CIVIS DA UNIAO; -;PESSOAL E ENCARGOS SOCIAIS;APLICACOES DIRETAS - OPERACOES INTERNAS;RECURSOS ORDINARIOS;85678404.41;85678404.41;75489661.75;75489661.75;75489661.75
21/02/21;2017;AJUDA DE CUSTO PARA MORADIA OU AUXILIO-MORADIA A AGENTES PUB; -;OUTRAS DESPESAS CORRENTES;APLICACOES DIRETAS;RECURSOS ORDINARIOS;1356738.0;1356738.0;972843.55;972843.55;972843.55
21/02/21;2017;COMUNICACAO E DIVULGACAO INSTITUCIONAL; -;OUTRAS DESPESAS CORRENTES;APLICACOES DIRETAS;RECURSOS ORDINARIOS;53037359.74;52487359.74;45415174.29;41491573.88;41400399.56
21/02/21;2017;COMUNICACAO E DIVULGACAO INSTITUCIONAL; -;OUTRAS DESPESAS CORRENTES;APLICACOES DIRETAS - OPERACOES INTERNAS;RECURSOS ORDINARIOS;542123.26;542123.26;539476.77;515211.49;515211.49
21/02/21;2017;COMUNICACAO E DIVULGACAO INSTITUCIONAL; -;INVESTIMENTOS;APLICACOES DIRETAS;RECURSOS ORDINARIOS;4500000.0;5050000.0;4596052.88;4301052.96;4296985.08
21/02/21;2017;PROCESSO LEGISLATIVO, FISCALIZACAO E REPRESENTACAO POLITICA;ADMINISTRACAO LEGISLATIVA;OUTRAS DESPESAS CORRENTES;APLICACOES DIRETAS;RECURSOS ORDINARIOS;278722381.8;272829831.8;250805819.81;215192458.8;214342324.82
21/02/21;2017;PROCESSO LEGISLATIVO, FISCALIZACAO E REPRESENTACAO POLITICA;ADMINISTRACAO LEGISLATIVA;OUTRAS DESPESAS CORRENTES;APLICACOES DIRETAS;REC.PROPRIOS PRIMARIOS DE LIVRE APLICACAO;2971830.0;703830.0;35000.0;35000.0;35000.0
21/02/21;2017;PROCESSO LEGISLATIVO, FISCALIZACAO E REPRESENTACAO POLITICA;ADMINISTRACAO LEGISLATIVA;OUTRAS DESPESAS CORRENTES;APLICACOES DIRETAS - OPERACOES INTERNAS;RECURSOS ORDINARIOS;295103.2;295103.2;187195.25;120089.52;120089.52
21/02/21;2017;PROCESSO LEGISLATIVO, FISCALIZACAO E REPRESENTACAO POLITICA;ADMINISTRACAO LEGISLATIVA;INVESTIMENTOS;APLICACOES DIRETAS;RECURSOS ORDINARIOS;17430905.0;12383455.0;11646114.1;5165407.25;5155983.54
21/02/21;2017;PROCESSO LEGISLATIVO, FISCALIZACAO E REPRESENTACAO POLITICA;ADMINISTRACAO LEGISLATIVA;INVESTIMENTOS;APLICACOES DIRETAS;REC.PROPRIOS PRIMARIOS DE LIVRE APLICACAO;1404377.0;3828284.0;1947663.64;951912.98;951912.98
21/02/21;2017;PROCESSO LEGISLATIVO, FISCALIZACAO E REPRESENTACAO POLITICA;ADMINISTRACAO LEGISLATIVA;INVESTIMENTOS;APLICACOES DIRETAS;REC.PROP.DECOR.ALIEN.BENS E DIR.DO PATR.PUB.;164718.0;164718.0;0.0;0.0;0.0
21/02/21;2017;PROCESSO LEGISLATIVO, FISCALIZACAO E REPRESENTACAO POLITICA;GESTAO DO SISTEMA DE INFORMATICA;OUTRAS DESPESAS CORRENTES;APLICACOES DIRETAS;RECURSOS ORDINARIOS;38654048.82;35652851.82;24136805.29;21694496.69;21639601.95
21/02/21;2017;PROCESSO LEGISLATIVO, FISCALIZACAO E REPRESENTACAO POLITICA;GESTAO DO SISTEMA DE INFORMATICA;OUTRAS DESPESAS CORRENTES;APLICACOES DIRETAS - OPERACOES INTERNAS;RECURSOS ORDINARIOS;69.18;69.18;69.18;69.18;69.18
21/02/21;2017;PROCESSO LEGISLATIVO, FISCALIZACAO E REPRESENTACAO POLITICA;GESTAO DO SISTEMA DE INFORMATICA;INVESTIMENTOS;APLICACOES DIRETAS;RECURSOS ORDINARIOS;6000000.0;21441197.0;20244364.16;20020465.26;20020465.26
21/02/21;2017;PROCESSO LEGISLATIVO, FISCALIZACAO E REPRESENTACAO POLITICA;PRODUCAO E DISTRIBUICAO DE DOCUMENTOS LEGISLATIVOS;OUTRAS DESPESAS CORRENTES;APLICACOES DIRETAS;RECURSOS ORDINARIOS;19037311.0;19037311.0;17580261.45;16331965.7;16331743.1
21/02/21;2017;PROCESSO LEGISLATIVO, FISCALIZACAO E REPRESENTACAO POLITICA;PRODUCAO E DISTRIBUICAO DE DOCUMENTOS LEGISLATIVOS;OUTRAS DESPESAS CORRENTES;APLICACOES DIRETAS;REC.PROPRIOS PRIMARIOS DE LIVRE APLICACAO;1052716.0;85859.0;0.0;0.0;0.0
21/02/21;2017;PROCESSO LEGISLATIVO, FISCALIZACAO E REPRESENTACAO POLITICA;PRODUCAO E DISTRIBUICAO DE DOCUMENTOS LEGISLATIVOS;OUTRAS DESPESAS CORRENTES;APLICACOES DIRETAS - OPERACOES INTERNAS;RECURSOS ORDINARIOS;4000.0;4000.0;4000.0;0.0;0.0
21/02/21;2017;PROCESSO LEGISLATIVO, FISCALIZACAO E REPRESENTACAO POLITICA;PRODUCAO E DISTRIBUICAO DE DOCUMENTOS LEGISLATIVOS;INVESTIMENTOS;APLICACOES DIRETAS;REC.PROPRIOS PRIMARIOS DE LIVRE APLICACAO;0.0;810950.0;70950.0;70950.0;70950.0
21/02/21;2017;PROCESSO LEGISLATIVO, FISCALIZACAO E REPRESENTACAO POLITICA;DISSEMINACAO DE CONHECIMENTOS LEGISLATIVOS E GERENCIAIS;OUTRAS DESPESAS CORRENTES;APLICACOES DIRETAS;RECURSOS ORDINARIOS;6145309.43;5145309.43;2372319.62;1730744.49;1730744.49
21/02/21;2017;PROCESSO LEGISLATIVO, FISCALIZACAO E REPRESENTACAO POLITICA;DISSEMINACAO DE CONHECIMENTOS LEGISLATIVOS E GERENCIAIS;OUTRAS DESPESAS CORRENTES;APLICACOES DIRETAS - OPERACOES INTERNAS;RECURSOS ORDINARIOS;21682.57;21682.57;0.0;0.0;0.0
21/02/21;2017;PROCESSO LEGISLATIVO, FISCALIZACAO E REPRESENTACAO POLITICA;MODERNIZACAO E ADEQUACAO DA ACESSIBILIDADE NO COMPLEXO ARQUITETONICO;OUTRAS DESPESAS CORRENTES;APLICACOES DIRETAS;RECURSOS ORDINARIOS;159405.0;159405.0;0.0;0.0;0.0
21/02/21;2017;APRECIACAO E JULGAMENTO DE CAUSAS;JULGAMENTO DE PROCESSOS;OUTRAS DESPESAS CORRENTES;APLICACOES DIRETAS;RECURSOS ORDINARIOS;400000.0;400000.0;400000.0;400000.0;400000.0
21/02/21;2017;JULGAMENTO DE CAUSAS NA JUSTICA FEDERAL; -;OUTRAS DESPESAS CORRENTES;APLICACOES DIRETAS;RECURSOS ORDINARIOS;49400.0;49400.0;49400.0;49400.0;49400.0
21/02/21;2016;BENEFICIOS ASSISTENCIAIS DECORRENTES DO AUXILIO-FUNERAL E NA;AUXILIO-FUNERAL E NATALIDADE DE CIVIS;OUTRAS DESPESAS CORRENTES;APLICACOES DIRETAS;RECURSOS ORDINARIOS;1977396.0;2114475.0;2075073.82;1829501.2;1829501.2
21/02/21;2016;CONTRIBUICOES E ANUIDADES A ORGANISMOS E ENTIDADES NACIONAIS;CONTRIBUICAO A ASSOCIACAO DOS SECRETARIOS-GERAIS DO PARLAMENTO - ASPG;OUTRAS DESPESAS CORRENTES;TRANSFERENCIAS AO EXTERIOR;RECURSOS ORDINARIOS;2890.0;3830.0;3111.14;3111.14;3111.14
21/02/21;2016;CONTRIBUICOES E ANUIDADES A ORGANISMOS E ENTIDADES NACIONAIS;CONTRIBUICAO A FEDERACAO INTERNACIONAL DAS ASSOCIACOES E INSTITUICOES BIBLIOTECARIAS - IFLA;OUTRAS DESPESAS CORRENTES;TRANSFERENCIAS AO EXTERIOR;RECURSOS ORDINARIOS;2086.0;2919.0;2548.3;2548.3;2548.3
21/02/21;2016;CONTRIBUICOES E ANUIDADES A ORGANISMOS E ENTIDADES NACIONAIS;CONTRIBUICAO A ASSOCIACAO BRASILEIRA DAS ESCOLAS DO LEGISLATIVO E DE CONTAS - ABEL;OUTRAS DESPESAS CORRENTES;TRANSF. A INST. PRIVADAS S/ FINS LUCRATIVOS;RECURSOS ORDINARIOS;5100.0;9000.0;9000.0;9000.0;9000.0
21/02/21;2016;CONTRIBUICOES E ANUIDADES A ORGANISMOS E ENTIDADES NACIONAIS;CONTRIBUICAO A UNIAO NACIONAL DAS INSTITUICOES DE AUTOGESTAO EM SAUDE - UNIDAS;OUTRAS DESPESAS CORRENTES;TRANSF. A INST. PRIVADAS S/ FINS LUCRATIVOS;RECURSOS ORDINARIOS;42500.0;47820.0;47820.0;47820.0;47820.0
21/02/21;2016;CONTRIBUICOES E ANUIDADES A ORGANISMOS E ENTIDADES NACIONAIS;CONTRIBUICAO A ORGANIZACAO MUNDIAL DE TURISMO - OMT;OUTRAS DESPESAS CORRENTES;TRANSFERENCIAS AO EXTERIOR;RECURSOS ORDINARIOS;9724.0;13605.0;0.0;0.0;0.0
21/02/21;2016;CONTRIBUICOES E ANUIDADES A ORGANISMOS E ENTIDADES NACIONAIS;CONTRIBUICAO AO PARLAMENTO LATINO-AMERICANO;OUTRAS DESPESAS CORRENTES;TRANSFERENCIAS AO EXTERIOR;RECURSOS ORDINARIOS;73842.0;140631.0;125138.34;125138.34;125138.34
21/02/21;2016;CONTRIBUICOES E ANUIDADES A ORGANISMOS E ENTIDADES NACIONAIS;CONTRIBUICAO A UNIAO INTERPARLAMENTAR;OUTRAS DESPESAS CORRENTES;TRANSFERENCIAS AO EXTERIOR;RECURSOS ORDINARIOS;644802.0;772088.0;718641.44;718641.44;718641.44
21/02/21;2016;CONTRIBUICOES E ANUIDADES A ORGANISMOS E ENTIDADES NACIONAIS;CONTRIBUICAO AO PARLAMERICAS;OUTRAS DESPESAS CORRENTES;TRANSFERENCIAS AO EXTERIOR;RECURSOS ORDINARIOS;55381.0;78466.0;58023.57;58023.57;58023.57
21/02/21;2016;APOSENTADORIAS E PENSOES CIVIS DA UNIAO; -;PESSOAL E ENCARGOS SOCIAIS;APLICACOES DIRETAS;RECURSOS ORDINARIOS;1149060800.0;1158721143.0;1158721142.68;1158639489.35;1158639489.35
21/02/21;2016;APOSENTADORIAS E PENSOES CIVIS DA UNIAO; -;PESSOAL E ENCARGOS SOCIAIS;APLICACOES DIRETAS;CONTRIB.DO SERV.PARA O PLANO SEG.SOC.SERV.PUB;268856923.0;268856923.0;268856923.0;268856923.0;268856923.0
21/02/21;2016;APOSENTADORIAS E PENSOES CIVIS DA UNIAO; -;PESSOAL E ENCARGOS SOCIAIS;APLICACOES DIRETAS;CONTR.PATRONAL PARA O PLANO SEG.SOC.SERV.PUB.;229179919.0;229179919.0;229179919.0;229179919.0;229179919.0
21/02/21;2016;APOSENTADORIAS E PENSOES DO EXTINTO INSTITUTO DE PREVIDENCIA; -;PESSOAL E ENCARGOS SOCIAIS;APLICACOES DIRETAS;RECURSOS ORDINARIOS;23930947.0;23361362.0;23302940.42;23302940.42;23302940.42
21/02/21;2016;CONTRIBUICAO DA UNIAO, DE SUAS AUTARQUIAS E FUNDACOES PARA O; -;PESSOAL E ENCARGOS SOCIAIS;APLICACOES DIRETAS - OPERACOES INTERNAS;RECURSOS ORDINARIOS;221960358.0;221960358.0;197962501.27;197873884.55;197873884.55
21/02/21;2016;RESERVA DE CONTINGENCIA - FINANCEIRA; -;RESERVA DE CONTINGENCIA;RESERVA DE CONTINGENCIA;REC.PROPRIOS PRIMARIOS DE LIVRE APLICACAO;17506070.0;17506070.0;0.0;0.0;0.0
21/02/21;2016;ASSISTENCIA MEDICA E ODONTOLOGICA AOS SERVIDORES CIVIS, EMPR;ASSISTENCIA MEDICA E ODONTOLOGICA DE CIVIS - COMPLEMENTACAO DA UNIAO;OUTRAS DESPESAS CORRENTES;APLICACOES DIRETAS;RECURSOS ORDINARIOS;113425412.0;125915895.0;125835334.14;125616825.5;125615043.52
21/02/21;2016;ASSISTENCIA MEDICA E ODONTOLOGICA AOS SERVIDORES CIVIS, EMPR;ASSISTENCIA MEDICA E ODONTOLOGICA DE CIVIS - COMPLEMENTACAO DA UNIAO;OUTRAS DESPESAS CORRENTES;APLICACOES DIRETAS;REC.PROPRIOS PRIMARIOS DE LIVRE APLICACAO;1700000.0;1700000.0;1119711.94;869711.94;869711.94
21/02/21;2016;ASSISTENCIA MEDICA E ODONTOLOGICA AOS SERVIDORES CIVIS, EMPR;ASSISTENCIA MEDICA E ODONTOLOGICA DE CIVIS - COMPLEMENTACAO DA UNIAO;INVESTIMENTOS;APLICACOES DIRETAS;RECURSOS ORDINARIOS;380000.0;14450.0;6450.0;6450.0;6450.0
21/02/21;2016;ASSISTENCIA MEDICA E ODONTOLOGICA AOS SERVIDORES CIVIS, EMPR;EXAMES PERIODICOS - CIVIS;OUTRAS DESPESAS CORRENTES;APLICACOES DIRETAS;RECURSOS ORDINARIOS;0.0;10906.0;3685.0;3685.0;3685.0
21/02/21;2016;ASSISTENCIA PRE-ESCOLAR AOS DEPENDENTES DOS SERVIDORES CIVIS;ASSISTENCIA PRE-ESCOLAR AOS DEPENDENTES DOS SERVIDORES CIVIS E DE EMPREGADOS;OUTRAS DESPESAS CORRENTES;APLICACOES DIRETAS;RECURSOS ORDINARIOS;8068284.0;9574507.0;9556519.98;9556519.98;9556519.98
21/02/21;2016;AUXILIO-TRANSPORTE AOS SERVIDORES CIVIS, EMPREGADOS E MILITA;AUXILIO-TRANSPORTE - CIVIS;OUTRAS DESPESAS CORRENTES;APLICACOES DIRETAS;RECURSOS ORDINARIOS;192000.0;552910.0;510676.13;510676.13;510676.13
21/02/21;2016;AUXILIO-ALIMENTACAO AOS SERVIDORES CIVIS, EMPREGADOS E MILIT;AUXILIO-ALIMENTACAO DE CIVIS;OUTRAS DESPESAS CORRENTES;APLICACOES DIRETAS;RECURSOS ORDINARIOS;61691580.0;67660071.0;67554290.2;67554290.2;67554290.2
21/02/21;2016;ATIVOS CIVIS DA UNIAO; -;PESSOAL E ENCARGOS SOCIAIS;APLICACOES DIRETAS;RECURSOS ORDINARIOS;1339120950.72;1373541112.72;1373247541.03;1373132131.48;1371949683.39
21/02/21;2016;ATIVOS CIVIS DA UNIAO; -;PESSOAL E ENCARGOS SOCIAIS;APLICACOES DIRETAS - OPERACOES INTERNAS;RECURSOS ORDINARIOS;68044717.28;68044717.28;68044717.28;68044717.28;68044717.28
21/02/21;2016;AJUDA DE CUSTO PARA MORADIA OU AUXILIO-MORADIA A AGENTES PUB; -;OUTRAS DESPESAS CORRENTES;APLICACOES DIRETAS;RECURSOS ORDINARIOS;1386000.0;1386000.0;1202975.79;1202975.79;1202975.79
21/02/21;2016;COMUNICACAO E DIVULGACAO INSTITUCIONAL; -;OUTRAS DESPESAS CORRENTES;APLICACOES DIRETAS;RECURSOS ORDINARIOS;35891593.65;47303514.65;45991948.32;43637865.3;43636664.21
21/02/21;2016;COMUNICACAO E DIVULGACAO INSTITUCIONAL; -;OUTRAS DESPESAS CORRENTES;APLICACOES DIRETAS - OPERACOES INTERNAS;RECURSOS ORDINARIOS;575257.35;575257.35;575257.35;533179.22;533179.22
21/02/21;2016;COMUNICACAO E DIVULGACAO INSTITUCIONAL; -;INVESTIMENTOS;APLICACOES DIRETAS;REC.PROPRIOS PRIMARIOS DE LIVRE APLICACAO;6377820.0;3849145.0;3621914.74;3621914.74;3621914.74
21/02/21;2016;PROCESSO LEGISLATIVO, FISCALIZACAO E REPRESENTACAO POLITICA;ADMINISTRACAO LEGISLATIVA;OUTRAS DESPESAS CORRENTES;APLICACOES DIRETAS;RECURSOS ORDINARIOS;249847483.09;248611561.09;242281568.56;218506441.41;216423486.7
21/02/21;2016;PROCESSO LEGISLATIVO, FISCALIZACAO E REPRESENTACAO POLITICA;ADMINISTRACAO LEGISLATIVA;OUTRAS DESPESAS CORRENTES;APLICACOES DIRETAS - OPERACOES INTERNAS;RECURSOS ORDINARIOS;341337.91;341337.91;188142.25;162177.53;162177.53
21/02/21;2016;PROCESSO LEGISLATIVO, FISCALIZACAO E REPRESENTACAO POLITICA;ADMINISTRACAO LEGISLATIVA;INVESTIMENTOS;APLICACOES DIRETAS;RECURSOS ORDINARIOS;15731340.0;4996457.0;3952390.24;3026490.92;3025631.16
21/02/21;2016;PROCESSO LEGISLATIVO, FISCALIZACAO E REPRESENTACAO POLITICA;ADMINISTRACAO LEGISLATIVA;INVESTIMENTOS;APLICACOES DIRETAS;REC.PROPRIOS PRIMARIOS DE LIVRE APLICACAO;11994667.0;19452382.0;17147865.37;7438988.15;7418176.75
21/02/21;2016;PROCESSO LEGISLATIVO, FISCALIZACAO E REPRESENTACAO POLITICA;ADMINISTRACAO LEGISLATIVA;INVESTIMENTOS;APLICACOES DIRETAS;REC.PROP.DECOR.ALIEN.BENS E DIR.DO PATR.PUB.;72544.0;72544.0;0.0;0.0;0.0
21/02/21;2016;PROCESSO LEGISLATIVO, FISCALIZACAO E REPRESENTACAO POLITICA;GESTAO DO SISTEMA DE INFORMATICA;OUTRAS DESPESAS CORRENTES;APLICACOES DIRETAS;RECURSOS ORDINARIOS;31255281.82;24368021.82;21829151.16;18680699.73;18670570.46
21/02/21;2016;PROCESSO LEGISLATIVO, FISCALIZACAO E REPRESENTACAO POLITICA;GESTAO DO SISTEMA DE INFORMATICA;OUTRAS DESPESAS CORRENTES;APLICACOES DIRETAS - OPERACOES INTERNAS;RECURSOS ORDINARIOS;69.18;69.18;69.18;69.18;69.18
21/02/21;2016;PROCESSO LEGISLATIVO, FISCALIZACAO E REPRESENTACAO POLITICA;GESTAO DO SISTEMA DE INFORMATICA;INVESTIMENTOS;APLICACOES DIRETAS;REC.PROPRIOS PRIMARIOS DE LIVRE APLICACAO;7886618.0;2790578.0;2462752.41;1956158.37;1956158.37
21/02/21;2016;PROCESSO LEGISLATIVO, FISCALIZACAO E REPRESENTACAO POLITICA;PRODUCAO E DISTRIBUICAO DE DOCUMENTOS LEGISLATIVOS;OUTRAS DESPESAS CORRENTES;APLICACOES DIRETAS;RECURSOS ORDINARIOS;22744212.0;18748261.0;17991899.16;16844104.04;16844104.04
21/02/21;2016;PROCESSO LEGISLATIVO, FISCALIZACAO E REPRESENTACAO POLITICA;PRODUCAO E DISTRIBUICAO DE DOCUMENTOS LEGISLATIVOS;INVESTIMENTOS;APLICACOES DIRETAS;REC.PROPRIOS PRIMARIOS DE LIVRE APLICACAO;0.0;167000.0;66577.0;66577.0;66577.0
21/02/21;2016;PROCESSO LEGISLATIVO, FISCALIZACAO E REPRESENTACAO POLITICA;DISSEMINACAO DE CONHECIMENTOS LEGISLATIVOS E GERENCIAIS;OUTRAS DESPESAS CORRENTES;APLICACOES DIRETAS;RECURSOS ORDINARIOS;2851095.34;2787475.34;1662872.69;1095463.17;1094307.47
21/02/21;2016;PROCESSO LEGISLATIVO, FISCALIZACAO E REPRESENTACAO POLITICA;DISSEMINACAO DE CONHECIMENTOS LEGISLATIVOS E GERENCIAIS;OUTRAS DESPESAS CORRENTES;APLICACOES DIRETAS - OPERACOES INTERNAS;RECURSOS ORDINARIOS;2266.66;2266.66;0.0;0.0;0.0
21/02/21;2016;APRECIACAO E JULGAMENTO DE CAUSAS;JULGAMENTO DE PROCESSOS;OUTRAS DESPESAS CORRENTES;APLICACOES DIRETAS;RECURSOS ORDINARIOS;461478.71;461478.71;461478.71;456000.0;456000.0
21/02/21;2016;JULGAMENTO DE CAUSAS NA JUSTICA FEDERAL; -;OUTRAS DESPESAS CORRENTES;APLICACOES DIRETAS;RECURSOS ORDINARIOS;91200.0;91200.0;91200.0;91200.0;91200.0
21/02/21;2015;CONTRIBUICAO A UNIAO INTERPARLAMENTAR; -;OUTRAS DESPESAS CORRENTES;TRANSFERENCIAS AO EXTERIOR;RECURSOS ORDINARIOS;547429.0;880364.0;804961.93;804961.93;804961.93
21/02/21;2015;CONTRIBUICAO DA UNIAO PARA O CUSTEIO DO REGIME DE PREVIDENCI; -;PESSOAL E ENCARGOS SOCIAIS;APLICACOES DIRETAS - OPERACOES INTERNAS;RECURSOS ORDINARIOS;13459300.0;13459300.0;0.0;0.0;0.0
21/02/21;2015;BENEFICIOS ASSISTENCIAIS DECORRENTES DO AUXILIO-FUNERAL E NA;AUXILIO-FUNERAL E NATALIDADE DE CIVIS;OUTRAS DESPESAS CORRENTES;APLICACOES DIRETAS;RECURSOS ORDINARIOS;1761516.0;2531516.0;2213484.23;2213484.23;2213484.23
21/02/21;2015;CONTRIBUICOES E ANUIDADES A ORGANISMOS E ENTIDADES NACIONAIS;CONTRIBUICAO A ASSOCIACAO DOS SECRETARIOS-GERAIS DO PARLAMENTO - ASPG;OUTRAS DESPESAS CORRENTES;TRANSFERENCIAS AO EXTERIOR;RECURSOS ORDINARIOS;2584.0;3942.0;3342.95;3342.95;3342.95
21/02/21;2015;CONTRIBUICOES E ANUIDADES A ORGANISMOS E ENTIDADES NACIONAIS;CONTRIBUICAO AO GRUPO INTERNACIONAL DE USUARIOS DE PONTOS DE FUNCAO - IFPUG;OUTRAS DESPESAS CORRENTES;TRANSFERENCIAS AO EXTERIOR;RECURSOS ORDINARIOS;1883.0;1883.0;0.0;0.0;0.0
21/02/21;2015;CONTRIBUICOES E ANUIDADES A ORGANISMOS E ENTIDADES NACIONAIS;CONTRIBUICAO A FEDERACAO INTERNACIONAL DAS ASSOCIACOES E INSTITUICOES BIBLIOTECARIAS - IFLA;OUTRAS DESPESAS CORRENTES;TRANSFERENCIAS AO EXTERIOR;RECURSOS ORDINARIOS;2427.0;2962.0;2068.76;2068.76;2068.76
21/02/21;2015;CONTRIBUICOES E ANUIDADES A ORGANISMOS E ENTIDADES NACIONAIS;CONTRIBUICAO A ASSOCIACAO BRASILEIRA DAS ESCOLAS DO LEGISLATIVO E DE CONTAS - ABEL;OUTRAS DESPESAS CORRENTES;TRANSF. A INST. PRIVADAS S/ FINS LUCRATIVOS;RECURSOS ORDINARIOS;6000.0;6000.0;6000.0;6000.0;6000.0
21/02/21;2015;CONTRIBUICOES E ANUIDADES A ORGANISMOS E ENTIDADES NACIONAIS;CONTRIBUICAO A UNIAO NACIONAL DAS INSTITUICOES DE AUTOGESTAO EM SAUDE - UNIDAS;OUTRAS DESPESAS CORRENTES;TRANSF. A INST. PRIVADAS S/ FINS LUCRATIVOS;RECURSOS ORDINARIOS;44117.0;44400.0;44400.0;44400.0;44400.0
21/02/21;2015;CONTRIBUICOES E ANUIDADES A ORGANISMOS E ENTIDADES NACIONAIS;CONTRIBUICAO A ORGANIZACAO MUNDIAL DE TURISMO - OMT;OUTRAS DESPESAS CORRENTES;TRANSFERENCIAS AO EXTERIOR;RECURSOS ORDINARIOS;10067.0;13801.0;10144.8;10144.8;10144.8
21/02/21;2015;CONTRIBUICOES E ANUIDADES A ORGANISMOS E ENTIDADES NACIONAIS;CONTRIBUICAO AO PARLAMENTO LATINO-AMERICANO;OUTRAS DESPESAS CORRENTES;TRANSFERENCIAS AO EXTERIOR;RECURSOS ORDINARIOS;60254.0;102880.0;86762.63;86762.63;86762.63
21/02/21;2015;APOSENTADORIAS E PENSOES CIVIS DA UNIAO; -;PESSOAL E ENCARGOS SOCIAIS;APLICACOES DIRETAS;RECURSOS ORDINARIOS;871515317.0;1048952746.0;1048155671.15;1048155671.15;1048155671.15
21/02/21;2015;APOSENTADORIAS E PENSOES CIVIS DA UNIAO; -;PESSOAL E ENCARGOS SOCIAIS;APLICACOES DIRETAS;CONTRIB.DO SERV.PARA O PLANO SEG.SOC.SERV.PUB;250987460.0;250987460.0;250987460.0;250987460.0;250987460.0
21/02/21;2015;APOSENTADORIAS E PENSOES CIVIS DA UNIAO; -;PESSOAL E ENCARGOS SOCIAIS;APLICACOES DIRETAS;CONTR.PATRONAL PARA O PLANO SEG.SOC.SERV.PUB.;246348580.0;246348580.0;245495415.41;245495415.41;245495415.41
21/02/21;2015;AMORTIZACAO E ENCARGOS DE FINANCIAMENTO DA DIVIDA CONTRATUAL; -;JUROS E ENCARGOS DA DIVIDA;APLICACOES DIRETAS;TITULOS DE RESPONSAB.DO TN-OUTRAS APLICACOES;245000.0;88004.0;88003.64;88003.64;88003.64
21/02/21;2015;AMORTIZACAO E ENCARGOS DE FINANCIAMENTO DA DIVIDA CONTRATUAL; -;AMORTIZACAO/REFINANCIAMENTO DA DIVIDA;APLICACOES DIRETAS;TITULOS DE RESP.DO TN-REFINANC.DIV.PUB.FED.;980000.0;407847.0;407846.35;407846.35;407846.35
21/02/21;2015;APOSENTADORIAS E PENSOES DO EXTINTO INSTITUTO DE PREVIDENCIA; -;PESSOAL E ENCARGOS SOCIAIS;APLICACOES DIRETAS;RECURSOS ORDINARIOS;20623040.08;23751290.08;23457626.21;23457626.21;23457626.21
21/02/21;2015;APOSENTADORIAS E PENSOES DO EXTINTO INSTITUTO DE PREVIDENCIA; -;PESSOAL E ENCARGOS SOCIAIS;APLICACOES DIRETAS - OPERACOES INTERNAS;RECURSOS ORDINARIOS;1196.92;1196.92;0.0;0.0;0.0
21/02/21;2015;CONTRIBUICAO DA UNIAO, DE SUAS AUTARQUIAS E FUNDACOES PARA O; -;PESSOAL E ENCARGOS SOCIAIS;APLICACOES DIRETAS;RECURSOS ORDINARIOS;19396.43;19396.43;0.0;0.0;0.0
21/02/21;2015;CONTRIBUICAO DA UNIAO, DE SUAS AUTARQUIAS E FUNDACOES PARA O; -;PESSOAL E ENCARGOS SOCIAIS;APLICACOES DIRETAS - OPERACOES INTERNAS;RECURSOS ORDINARIOS;231471586.57;231471586.57;214541591.98;214511732.85;214434045.51
21/02/21;2015;ASSISTENCIA MEDICA E ODONTOLOGICA AOS SERVIDORES CIVIS, EMPR;ASSISTENCIA MEDICA E ODONTOLOGICA DE CIVIS - COMPLEMENTACAO DA UNIAO;OUTRAS DESPESAS CORRENTES;APLICACOES DIRETAS;RECURSOS ORDINARIOS;107859936.08;113565548.08;113503762.12;107203603.04;106845131.53
21/02/21;2015;ASSISTENCIA MEDICA E ODONTOLOGICA AOS SERVIDORES CIVIS, EMPR;ASSISTENCIA MEDICA E ODONTOLOGICA DE CIVIS - COMPLEMENTACAO DA UNIAO;OUTRAS DESPESAS CORRENTES;APLICACOES DIRETAS;REC.PROPRIOS PRIMARIOS DE LIVRE APLICACAO;0.0;1500000.0;1500000.0;188797.07;188797.07
21/02/21;2015;ASSISTENCIA MEDICA E ODONTOLOGICA AOS SERVIDORES CIVIS, EMPR;ASSISTENCIA MEDICA E ODONTOLOGICA DE CIVIS - COMPLEMENTACAO DA UNIAO;OUTRAS DESPESAS CORRENTES;APLICACOES DIRETAS - OPERACOES INTERNAS;RECURSOS ORDINARIOS;63.92;63.92;63.92;63.92;63.92
21/02/21;2015;ASSISTENCIA MEDICA E ODONTOLOGICA AOS SERVIDORES CIVIS, EMPR;ASSISTENCIA MEDICA E ODONTOLOGICA DE CIVIS - COMPLEMENTACAO DA UNIAO;INVESTIMENTOS;APLICACOES DIRETAS;RECURSOS ORDINARIOS;740000.0;34388.0;27733.98;20183.98;20183.98
21/02/21;2015;ASSISTENCIA PRE-ESCOLAR AOS DEPENDENTES DOS SERVIDORES CIVIS;ASSISTENCIA PRE-ESCOLAR AOS DEPENDENTES DOS SERVIDORES CIVIS E DE EMPREGADOS;OUTRAS DESPESAS CORRENTES;APLICACOES DIRETAS;RECURSOS ORDINARIOS;6960000.0;8260000.0;8145302.62;8145302.62;8145302.62
21/02/21;2015;AUXILIO-TRANSPORTE AOS SERVIDORES CIVIS, EMPREGADOS E MILITA;AUXILIO-TRANSPORTE - CIVIS;OUTRAS DESPESAS CORRENTES;APLICACOES DIRETAS;RECURSOS ORDINARIOS;180000.0;250000.0;235593.66;235593.66;235593.66
21/02/21;2015;AUXILIO-ALIMENTACAO AOS SERVIDORES CIVIS, EMPREGADOS E MILIT;AUXILIO-ALIMENTACAO DE CIVIS;OUTRAS DESPESAS CORRENTES;APLICACOES DIRETAS;RECURSOS ORDINARIOS;61691580.0;60851580.0;60496439.28;60496439.28;60496439.28
21/02/21;2015;ATIVOS CIVIS DA UNIAO; -;PESSOAL E ENCARGOS SOCIAIS;APLICACOES DIRETAS;RECURSOS ORDINARIOS;1434429370.1;1408988085.1;1408804064.79;1408484970.11;1407317927.97
21/02/21;2015;ATIVOS CIVIS DA UNIAO; -;PESSOAL E ENCARGOS SOCIAIS;APLICACOES DIRETAS - OPERACOES INTERNAS;RECURSOS ORDINARIOS;58821859.9;58821859.9;58815618.1;58815618.1;58815618.1
21/02/21;2015;COMUNICACAO E DIVULGACAO INSTITUCIONAL; -;OUTRAS DESPESAS CORRENTES;APLICACOES DIRETAS;RECURSOS ORDINARIOS;50990324.01;46990324.01;41363088.43;34757282.85;34730151.6
21/02/21;2015;COMUNICACAO E DIVULGACAO INSTITUCIONAL; -;OUTRAS DESPESAS CORRENTES;APLICACOES DIRETAS - OPERACOES INTERNAS;RECURSOS ORDINARIOS;518453.99;518453.99;471835.63;375191.96;375191.96
21/02/21;2015;COMUNICACAO E DIVULGACAO INSTITUCIONAL; -;INVESTIMENTOS;APLICACOES DIRETAS;RECURSOS ORDINARIOS;10000000.0;5652328.0;4428739.38;623669.91;623669.91
21/02/21;2015;COMUNICACAO E DIVULGACAO INSTITUCIONAL; -;INVESTIMENTOS;APLICACOES DIRETAS;REC.PROPRIOS PRIMARIOS DE LIVRE APLICACAO;0.0;21221379.0;16677242.07;0.0;0.0
21/02/21;2015;PROCESSO LEGISLATIVO, FISCALIZACAO E REPRESENTACAO POLITICA;ADMINISTRACAO LEGISLATIVA;OUTRAS DESPESAS CORRENTES;APLICACOES DIRETAS;RECURSOS ORDINARIOS;270887264.42;262133025.42;228824660.5;189062193.79;188613175.35
21/02/21;2015;PROCESSO LEGISLATIVO, FISCALIZACAO E REPRESENTACAO POLITICA;ADMINISTRACAO LEGISLATIVA;OUTRAS DESPESAS CORRENTES;APLICACOES DIRETAS;REC.PROPRIOS PRIMARIOS DE LIVRE APLICACAO;4857845.0;157845.0;0.0;0.0;0.0
21/02/21;2015;PROCESSO LEGISLATIVO, FISCALIZACAO E REPRESENTACAO POLITICA;ADMINISTRACAO LEGISLATIVA;OUTRAS DESPESAS CORRENTES;APLICACOES DIRETAS - OPERACOES INTERNAS;RECURSOS ORDINARIOS;856084.58;856084.58;537241.58;172336.82;172336.82
21/02/21;2015;PROCESSO LEGISLATIVO, FISCALIZACAO E REPRESENTACAO POLITICA;ADMINISTRACAO LEGISLATIVA;INVESTIMENTOS;APLICACOES DIRETAS;RECURSOS ORDINARIOS;53747110.0;34218715.0;32584620.0;2600901.51;2600901.51
21/02/21;2015;PROCESSO LEGISLATIVO, FISCALIZACAO E REPRESENTACAO POLITICA;GESTAO DO SISTEMA DE INFORMATICA;OUTRAS DESPESAS CORRENTES;APLICACOES DIRETAS;RECURSOS ORDINARIOS;23495945.97;30855312.97;21801335.36;16552284.51;16552284.51
21/02/21;2015;PROCESSO LEGISLATIVO, FISCALIZACAO E REPRESENTACAO POLITICA;GESTAO DO SISTEMA DE INFORMATICA;OUTRAS DESPESAS CORRENTES;APLICACOES DIRETAS - OPERACOES INTERNAS;RECURSOS ORDINARIOS;1880.03;1880.03;1879.99;1879.99;1879.99
21/02/21;2015;PROCESSO LEGISLATIVO, FISCALIZACAO E REPRESENTACAO POLITICA;GESTAO DO SISTEMA DE INFORMATICA;INVESTIMENTOS;APLICACOES DIRETAS;RECURSOS ORDINARIOS;0.0;20551663.0;13902842.32;1231116.79;1231116.79
21/02/21;2015;PROCESSO LEGISLATIVO, FISCALIZACAO E REPRESENTACAO POLITICA;REDE DE INTEGRACAO E PARTICIPACAO LEGISLATIVA - INTERLEGIS;OUTRAS DESPESAS CORRENTES;APLICACOES DIRETAS;RECURSOS ORDINARIOS;4619584.0;75045.0;75044.79;70722.84;70722.84
21/02/21;2015;PROCESSO LEGISLATIVO, FISCALIZACAO E REPRESENTACAO POLITICA;PRODUCAO E DISTRIBUICAO DE DOCUMENTOS LEGISLATIVOS;OUTRAS DESPESAS CORRENTES;APLICACOES DIRETAS;RECURSOS ORDINARIOS;20682365.0;18182365.0;15581270.14;13274726.65;13273552.06
21/02/21;2015;PROCESSO LEGISLATIVO, FISCALIZACAO E REPRESENTACAO POLITICA;PRODUCAO E DISTRIBUICAO DE DOCUMENTOS LEGISLATIVOS;OUTRAS DESPESAS CORRENTES;APLICACOES DIRETAS;REC.PROPRIOS PRIMARIOS DE LIVRE APLICACAO;1775000.0;275000.0;0.0;0.0;0.0
21/02/21;2015;PROCESSO LEGISLATIVO, FISCALIZACAO E REPRESENTACAO POLITICA;PRODUCAO E DISTRIBUICAO DE DOCUMENTOS LEGISLATIVOS;INVESTIMENTOS;APLICACOES DIRETAS;RECURSOS ORDINARIOS;0.0;1124105.0;652060.16;0.0;0.0
21/02/21;2015;PROCESSO LEGISLATIVO, FISCALIZACAO E REPRESENTACAO POLITICA;DISSEMINACAO DE CONHECIMENTOS LEGISLATIVOS E GERENCIAIS;OUTRAS DESPESAS CORRENTES;APLICACOES DIRETAS;RECURSOS ORDINARIOS;2452312.24;2452312.24;1679909.88;1614494.88;1614494.88
21/02/21;2015;PROCESSO LEGISLATIVO, FISCALIZACAO E REPRESENTACAO POLITICA;DISSEMINACAO DE CONHECIMENTOS LEGISLATIVOS E GERENCIAIS;OUTRAS DESPESAS CORRENTES;APLICACOES DIRETAS - OPERACOES INTERNAS;RECURSOS ORDINARIOS;46179.76;46179.76;4219.8;4219.8;4219.8
21/02/21;2015;APRECIACAO E JULGAMENTO DE CAUSAS;JULGAMENTO DE PROCESSOS;OUTRAS DESPESAS CORRENTES;APLICACOES DIRETAS;RECURSOS ORDINARIOS;532000.0;532000.0;532000.0;0.0;0.0
21/02/21;2014;CONTRIBUICAO AO PARLAMENTO LATINO-AMERICANO; -;OUTRAS DESPESAS CORRENTES;TRANSFERENCIAS AO EXTERIOR;RECURSOS ORDINARIOS;50000.0;59000.0;48128.0;48128.0;48128.0
21/02/21;2014;CONTRIBUICAO A UNIAO INTERPARLAMENTAR; -;OUTRAS DESPESAS CORRENTES;TRANSFERENCIAS AO EXTERIOR;RECURSOS ORDINARIOS;264000.0;639000.0;599949.1;46337.52;46337.52
21/02/21;2014;CONTRIBUICAO A ASSOCIACAO DOS SECRETARIOS-GERAIS DO PARLAMEN; -;OUTRAS DESPESAS CORRENTES;TRANSFERENCIAS AO EXTERIOR;RECURSOS ORDINARIOS;2100.0;2600.0;2196.73;2196.73;2196.73
21/02/21;2014;CONTRIBUICAO DA UNIAO PARA O CUSTEIO DO REGIME DE PREVIDENCI; -;PESSOAL E ENCARGOS SOCIAIS;APLICACOES DIRETAS - OPERACOES INTERNAS;RECURSOS ORDINARIOS;15299297.0;2612250.0;0.0;0.0;0.0
21/02/21;2014;BENEFICIOS ASSISTENCIAIS DECORRENTES DO AUXILIO-FUNERAL E NA;AUXILIO-FUNERAL E NATALIDADE DE CIVIS;OUTRAS DESPESAS CORRENTES;APLICACOES DIRETAS;RECURSOS ORDINARIOS;0.0;2063947.0;1896871.32;1896871.32;1896871.32
21/02/21;2014;CONTRIBUICAO AO GRUPO INTERNACIONAL DE USUARIOS DE PONTOS DE; -;OUTRAS DESPESAS CORRENTES;TRANSFERENCIAS AO EXTERIOR;RECURSOS ORDINARIOS;2000.0;2000.0;0.0;0.0;0.0
21/02/21;2014;CONTRIBUICAO A FEDERACAO INTERNACIONAL DAS ASSOCIACOES E INS; -;OUTRAS DESPESAS CORRENTES;TRANSFERENCIAS AO EXTERIOR;RECURSOS ORDINARIOS;1800.0;2500.0;2065.84;2065.84;2065.84
21/02/21;2014;CONTRIBUICAO A ASSOCIACAO INTERPARLAMENTAR DE TURISMO; -;OUTRAS DESPESAS CORRENTES;TRANSFERENCIAS AO EXTERIOR;RECURSOS ORDINARIOS;6000.0;10000.0;0.0;0.0;0.0
21/02/21;2014;APOSENTADORIAS E PENSOES CIVIS DA UNIAO; -;PESSOAL E ENCARGOS SOCIAIS;APLICACOES DIRETAS;RECURSOS ORDINARIOS;737961601.0;931889705.0;924167781.28;920267611.55;920267611.55
21/02/21;2014;APOSENTADORIAS E PENSOES CIVIS DA UNIAO; -;PESSOAL E ENCARGOS SOCIAIS;APLICACOES DIRETAS;CONTRIB.DO SERV.PARA O PLANO SEG.SOC.SERV.PUB;231588804.0;231588804.0;230588804.0;230588804.0;230588804.0
21/02/21;2014;APOSENTADORIAS E PENSOES CIVIS DA UNIAO; -;PESSOAL E ENCARGOS SOCIAIS;APLICACOES DIRETAS;CONTR.PATRONAL PARA O PLANO SEG.SOC.SERV.PUB.;236351531.0;236351531.0;236351531.0;236351531.0;236351531.0
21/02/21;2014;AMORTIZACAO E ENCARGOS DE FINANCIAMENTO DA DIVIDA CONTRATUAL; -;JUROS E ENCARGOS DA DIVIDA;APLICACOES DIRETAS;TITULOS DE RESPONSAB.DO TN-OUTRAS APLICACOES;876000.0;876000.0;149800.3;149800.3;149800.3
21/02/21;2014;AMORTIZACAO E ENCARGOS DE FINANCIAMENTO DA DIVIDA CONTRATUAL; -;AMORTIZACAO/REFINANCIAMENTO DA DIVIDA;APLICACOES DIRETAS;TITULOS DE RESP.DO TN-REFINANC.DIV.PUB.FED.;1752000.0;1752000.0;637397.15;637397.15;637397.15
21/02/21;2014;APOSENTADORIAS E PENSOES DO EXTINTO INSTITUTO DE PREVIDENCIA; -;PESSOAL E ENCARGOS SOCIAIS;APLICACOES DIRETAS;RECURSOS ORDINARIOS;22594605.0;22594605.0;19609155.41;18944862.83;18944862.83
21/02/21;2014;CONTRIBUICAO DA UNIAO, DE SUAS AUTARQUIAS E FUNDACOES PARA O; -;PESSOAL E ENCARGOS SOCIAIS;APLICACOES DIRETAS - OPERACOES INTERNAS;RECURSOS ORDINARIOS;217999455.0;230686502.0;208730226.67;208730226.67;208730226.67
21/02/21;2014;PROVIMENTO DE CARGOS E FUNCOES E REESTRUTURACAO DE CARGOS, C; -;PESSOAL E ENCARGOS SOCIAIS;APLICACOES DIRETAS;RECURSOS ORDINARIOS;223777293.0;47703582.0;0.0;0.0;0.0
21/02/21;2014;CONTRIBUICAO AO FORUM INTERPARLAMENTAR DAS AMERICAS - FIPA; -;OUTRAS DESPESAS CORRENTES;TRANSFERENCIAS AO EXTERIOR;RECURSOS ORDINARIOS;40000.0;44000.0;40080.0;40080.0;40080.0
21/02/21;2014;INTERLEGIS II - IMPLEMENTACAO DO LEGISLATIVO ELETRONICO (E-L; -;OUTRAS DESPESAS CORRENTES;TRANSFERENCIAS AO EXTERIOR;OPERACOES DE CREDITO EXTERNAS-EM MOEDA;-19447.94;3380552.06;0.0;0.0;0.0
21/02/21;2014;INTERLEGIS II - IMPLEMENTACAO DO LEGISLATIVO ELETRONICO (E-L; -;OUTRAS DESPESAS CORRENTES;APLICACOES DIRETAS;RECURSOS ORDINARIOS;2876898.0;2876898.0;57057.08;57057.08;57057.08
21/02/21;2014;INTERLEGIS II - IMPLEMENTACAO DO LEGISLATIVO ELETRONICO (E-L; -;OUTRAS DESPESAS CORRENTES;APLICACOES DIRETAS;OPERACOES DE CREDITO EXTERNAS-EM MOEDA;19447.94;19447.94;0.0;0.0;0.0
21/02/21;2014;INTERLEGIS II - IMPLEMENTACAO DO LEGISLATIVO ELETRONICO (E-L; -;INVESTIMENTOS;APLICACOES DIRETAS;OPERACOES DE CREDITO EXTERNAS-EM MOEDA;0.0;4087800.0;3452792.48;2540837.33;2540837.33
21/02/21;2014;ASSISTENCIA MEDICA E ODONTOLOGICA AOS SERVIDORES CIVIS, EMPR;ASSISTENCIA MEDICA E ODONTOLOGICA DE CIVIS - COMPLEMENTACAO DA UNIAO;OUTRAS DESPESAS CORRENTES;APLICACOES DIRETAS;RECURSOS ORDINARIOS;105490357.22;122594699.22;122591461.02;119470642.09;119470642.09
21/02/21;2014;ASSISTENCIA MEDICA E ODONTOLOGICA AOS SERVIDORES CIVIS, EMPR;ASSISTENCIA MEDICA E ODONTOLOGICA DE CIVIS - COMPLEMENTACAO DA UNIAO;OUTRAS DESPESAS CORRENTES;APLICACOES DIRETAS - OPERACOES INTERNAS;RECURSOS ORDINARIOS;7642.78;7642.78;7578.86;2506.0;2506.0
21/02/21;2014;ASSISTENCIA MEDICA E ODONTOLOGICA AOS SERVIDORES CIVIS, EMPR;ASSISTENCIA MEDICA E ODONTOLOGICA DE CIVIS - COMPLEMENTACAO DA UNIAO;INVESTIMENTOS;APLICACOES DIRETAS;RECURSOS ORDINARIOS;102000.0;102000.0;0.0;0.0;0.0
21/02/21;2014;ASSISTENCIA PRE-ESCOLAR AOS DEPENDENTES DOS SERVIDORES CIVIS;ASSISTENCIA PRE-ESCOLAR AOS DEPENDENTES DOS SERVIDORES CIVIS E DE EMPREGADOS;OUTRAS DESPESAS CORRENTES;APLICACOES DIRETAS;RECURSOS ORDINARIOS;0.0;7211107.0;7103606.97;7103606.97;7103606.97
21/02/21;2014;AUXILIO-TRANSPORTE AOS SERVIDORES CIVIS, EMPREGADOS E MILITA;AUXILIO-TRANSPORTE - CIVIS;OUTRAS DESPESAS CORRENTES;APLICACOES DIRETAS;RECURSOS ORDINARIOS;0.0;204398.0;176484.36;176484.36;176484.36
21/02/21;2014;AUXILIO-ALIMENTACAO AOS SERVIDORES CIVIS, EMPREGADOS E MILIT;AUXILIO-ALIMENTACAO DE CIVIS;OUTRAS DESPESAS CORRENTES;APLICACOES DIRETAS;RECURSOS ORDINARIOS;0.0;57925667.0;57781589.73;57781589.73;57781589.73
21/02/21;2014;ATIVOS CIVIS DA UNIAO; -;PESSOAL E ENCARGOS SOCIAIS;APLICACOES DIRETAS;RECURSOS ORDINARIOS;1389551649.0;1371697256.0;1338423202.65;1338423202.65;1337331723.53
21/02/21;2014;ATIVOS CIVIS DA UNIAO; -;PESSOAL E ENCARGOS SOCIAIS;APLICACOES DIRETAS - OPERACOES INTERNAS;RECURSOS ORDINARIOS;63458574.0;63458574.0;58804153.98;58804153.98;58804153.98
21/02/21;2014;COMUNICACAO E DIVULGACAO INSTITUCIONAL;COMUNICACAO E DIVULGACAO INSTITUCIONAL (OUTRAS MIDIAS);OUTRAS DESPESAS CORRENTES;APLICACOES DIRETAS;RECURSOS ORDINARIOS;34145003.83;34145003.83;29302633.54;25701269.66;25590151.28
21/02/21;2014;COMUNICACAO E DIVULGACAO INSTITUCIONAL;COMUNICACAO E DIVULGACAO INSTITUCIONAL (OUTRAS MIDIAS);OUTRAS DESPESAS CORRENTES;APLICACOES DIRETAS - OPERACOES INTERNAS;RECURSOS ORDINARIOS;133014.17;133014.17;133014.17;99530.86;99530.86
21/02/21;2014;COMUNICACAO E DIVULGACAO INSTITUCIONAL;COMUNICACAO E DIVULGACAO INSTITUCIONAL (OUTRAS MIDIAS);INVESTIMENTOS;APLICACOES DIRETAS;RECURSOS ORDINARIOS;111652.0;111652.0;5211.0;5211.0;5211.0
21/02/21;2014;COMUNICACAO E DIVULGACAO INSTITUCIONAL;COMUNICACAO E DIVULGACAO INSTITUCIONAL (OUTRAS MIDIAS);INVESTIMENTOS;APLICACOES DIRETAS;REC.PROPRIOS PRIMARIOS DE LIVRE APLICACAO;0.0;915000.0;875804.33;0.0;0.0
21/02/21;2014;COMUNICACAO E DIVULGACAO INSTITUCIONAL;RADIO E TV;OUTRAS DESPESAS CORRENTES;APLICACOES DIRETAS;RECURSOS ORDINARIOS;828390.45;12253763.45;10950725.75;9236272.66;9236272.66
21/02/21;2014;COMUNICACAO E DIVULGACAO INSTITUCIONAL;RADIO E TV;OUTRAS DESPESAS CORRENTES;APLICACOES DIRETAS - OPERACOES INTERNAS;RECURSOS ORDINARIOS;438109.55;438109.55;438109.55;370007.36;370007.36
21/02/21;2014;COMUNICACAO E DIVULGACAO INSTITUCIONAL;RADIO E TV;INVESTIMENTOS;APLICACOES DIRETAS;RECURSOS ORDINARIOS;97300.0;20151727.0;3166726.92;1068593.63;1068593.63
21/02/21;2014;COMUNICACAO E DIVULGACAO INSTITUCIONAL;RADIO E TV;INVESTIMENTOS;APLICACOES DIRETAS;REC.PROPRIOS PRIMARIOS DE LIVRE APLICACAO;0.0;9693668.0;5897641.71;0.0;0.0
21/02/21;2014;PROCESSO LEGISLATIVO, FISCALIZACAO E REPRESENTACAO POLITICA;ADMINISTRACAO LEGISLATIVA;OUTRAS DESPESAS CORRENTES;TRANSFERENCIAS AO EXTERIOR;RECURSOS ORDINARIOS;12656.26;12656.26;7315.2;7315.2;7315.2
21/02/21;2014;PROCESSO LEGISLATIVO, FISCALIZACAO E REPRESENTACAO POLITICA;ADMINISTRACAO LEGISLATIVA;OUTRAS DESPESAS CORRENTES;TRANSFERENCIAS AO EXTERIOR;REC.PROPRIOS PRIMARIOS DE LIVRE APLICACAO;3674733.0;3674733.0;0.0;0.0;0.0
21/02/21;2014;PROCESSO LEGISLATIVO, FISCALIZACAO E REPRESENTACAO POLITICA;ADMINISTRACAO LEGISLATIVA;OUTRAS DESPESAS CORRENTES;APLICACOES DIRETAS;RECURSOS ORDINARIOS;263105926.15;248886630.15;197805717.33;164496808.61;164270183.5
21/02/21;2014;PROCESSO LEGISLATIVO, FISCALIZACAO E REPRESENTACAO POLITICA;ADMINISTRACAO LEGISLATIVA;OUTRAS DESPESAS CORRENTES;APLICACOES DIRETAS - OPERACOES INTERNAS;RECURSOS ORDINARIOS;576961.59;576961.59;576951.28;470963.32;470963.32
21/02/21;2014;PROCESSO LEGISLATIVO, FISCALIZACAO E REPRESENTACAO POLITICA;ADMINISTRACAO LEGISLATIVA;INVESTIMENTOS;APLICACOES DIRETAS;RECURSOS ORDINARIOS;13733750.0;3125725.0;2061366.56;1263754.57;1263754.57
21/02/21;2014;PROCESSO LEGISLATIVO, FISCALIZACAO E REPRESENTACAO POLITICA;ADMINISTRACAO LEGISLATIVA;INVESTIMENTOS;APLICACOES DIRETAS;REC.PROPRIOS PRIMARIOS DE LIVRE APLICACAO;4509200.0;15743512.0;15344417.6;0.0;0.0
21/02/21;2014;PROCESSO LEGISLATIVO, FISCALIZACAO E REPRESENTACAO POLITICA;GESTAO DO SISTEMA DE INFORMATICA;OUTRAS DESPESAS CORRENTES;APLICACOES DIRETAS;RECURSOS ORDINARIOS;40649826.16;27913208.16;17247455.97;13604693.21;13604693.21
21/02/21;2014;PROCESSO LEGISLATIVO, FISCALIZACAO E REPRESENTACAO POLITICA;GESTAO DO SISTEMA DE INFORMATICA;OUTRAS DESPESAS CORRENTES;APLICACOES DIRETAS - OPERACOES INTERNAS;RECURSOS ORDINARIOS;72.84;72.84;72.84;72.84;72.84
21/02/21;2014;PROCESSO LEGISLATIVO, FISCALIZACAO E REPRESENTACAO POLITICA;GESTAO DO SISTEMA DE INFORMATICA;INVESTIMENTOS;APLICACOES DIRETAS;RECURSOS ORDINARIOS;25712434.0;7525427.0;6650087.87;5765078.45;5765078.45
21/02/21;2014;PROCESSO LEGISLATIVO, FISCALIZACAO E REPRESENTACAO POLITICA;GESTAO DO SISTEMA DE INFORMATICA;INVESTIMENTOS;APLICACOES DIRETAS;REC.PROPRIOS PRIMARIOS DE LIVRE APLICACAO;0.0;26921755.0;26899303.62;6647387.0;6647387.0
21/02/21;2014;PROCESSO LEGISLATIVO, FISCALIZACAO E REPRESENTACAO POLITICA;REDE DE INTEGRACAO E PARTICIPACAO LEGISLATIVA - INTERLEGIS;OUTRAS DESPESAS CORRENTES;APLICACOES DIRETAS;RECURSOS ORDINARIOS;2680000.0;2680000.0;1333246.51;1324583.81;1324583.81
21/02/21;2014;PROCESSO LEGISLATIVO, FISCALIZACAO E REPRESENTACAO POLITICA;PRODUCAO E DISTRIBUICAO DE DOCUMENTOS LEGISLATIVOS;OUTRAS DESPESAS CORRENTES;APLICACOES DIRETAS;RECURSOS ORDINARIOS;24351200.0;21351200.0;17484195.91;15704389.45;15704389.45
21/02/21;2014;PROCESSO LEGISLATIVO, FISCALIZACAO E REPRESENTACAO POLITICA;PRODUCAO E DISTRIBUICAO DE DOCUMENTOS LEGISLATIVOS;INVESTIMENTOS;APLICACOES DIRETAS;RECURSOS ORDINARIOS;4865000.0;456345.0;205.0;205.0;205.0
21/02/21;2014;PROCESSO LEGISLATIVO, FISCALIZACAO E REPRESENTACAO POLITICA;DISSEMINACAO DE CONHECIMENTOS LEGISLATIVOS E GERENCIAIS;OUTRAS DESPESAS CORRENTES;APLICACOES DIRETAS;RECURSOS ORDINARIOS;8501740.0;2501740.0;876059.57;839186.85;839186.85
21/02/21;2014;PROCESSO LEGISLATIVO, FISCALIZACAO E REPRESENTACAO POLITICA;DISSEMINACAO DE CONHECIMENTOS LEGISLATIVOS E GERENCIAIS;OUTRAS DESPESAS CORRENTES;APLICACOES DIRETAS - OPERACOES INTERNAS;RECURSOS ORDINARIOS;18260.0;18260.0;1760.0;0.0;0.0
21/02/21;2014;APRECIACAO E JULGAMENTO DE CAUSAS;JULGAMENTO DE PROCESSOS;OUTRAS DESPESAS CORRENTES;APLICACOES DIRETAS;RECURSOS ORDINARIOS;659971.34;659971.34;688821.92;42821.92;42821.92
21/02/21;2013;CONTRIBUICAO AO PARLAMENTO LATINO-AMERICANO; -;OUTRAS DESPESAS CORRENTES;TRANSFERENCIAS AO EXTERIOR;RECURSOS ORDINARIOS;50000.0;50000.0;45812.0;0.0;0.0
21/02/21;2013;CONTRIBUICAO A UNIAO INTERPARLAMENTAR; -;OUTRAS DESPESAS CORRENTES;TRANSFERENCIAS AO EXTERIOR;RECURSOS ORDINARIOS;230000.0;230000.0;226074.8;226074.8;226074.8
21/02/21;2013;CONTRIBUICAO A ASSOCIACAO DOS SECRETARIOS-GERAIS DO PARLAMEN; -;OUTRAS DESPESAS CORRENTES;TRANSFERENCIAS AO EXTERIOR;RECURSOS ORDINARIOS;5000.0;5000.0;1624.73;1624.73;1624.73
21/02/21;2013;CONTRIBUICAO DA UNIAO PARA O CUSTEIO DO REGIME DE PREVIDENCI; -;PESSOAL E ENCARGOS SOCIAIS;APLICACOES DIRETAS - OPERACOES INTERNAS;RECURSOS ORDINARIOS;1120032.0;1120032.0;0.0;0.0;0.0
21/02/21;2013;CONTRIBUICAO AO GRUPO BRASILEIRO DO PARLAMENTO LATINO-AMERIC; -;OUTRAS DESPESAS CORRENTES;TRANSF. A INST. PRIVADAS S/ FINS LUCRATIVOS;RECURSOS ORDINARIOS;365000.0;365000.0;0.0;0.0;0.0
21/02/21;2013;CONTRIBUICAO AO GRUPO BRASILEIRO DA UNIAO INTERPARLAMENTAR; -;OUTRAS DESPESAS CORRENTES;TRANSF. A INST. PRIVADAS S/ FINS LUCRATIVOS;RECURSOS ORDINARIOS;435000.0;435000.0;0.0;0.0;0.0
21/02/21;2013;CONTRIBUICAO AO GRUPO BRASILEIRO DA ASSOCIACAO INTERPARLAMEN; -;OUTRAS DESPESAS CORRENTES;TRANSF. A INST. PRIVADAS S/ FINS LUCRATIVOS;RECURSOS ORDINARIOS;177000.0;177000.0;0.0;0.0;0.0
21/02/21;2013;CONTRIBUICAO A ASSOCIACAO INTERPARLAMENTAR DE TURISMO; -;OUTRAS DESPESAS CORRENTES;TRANSFERENCIAS AO EXTERIOR;RECURSOS ORDINARIOS;15000.0;15000.0;6277.92;6277.92;6277.92
21/02/21;2013;APOSENTADORIAS E PENSOES CIVIS DA UNIAO; -;PESSOAL E ENCARGOS SOCIAIS;APLICACOES DIRETAS;RECURSOS ORDINARIOS;716896168.0;857096168.0;843455132.55;843052867.83;836724038.26
21/02/21;2013;APOSENTADORIAS E PENSOES CIVIS DA UNIAO; -;PESSOAL E ENCARGOS SOCIAIS;APLICACOES DIRETAS;CONTRIB.DO SERV.PARA O PLANO SEG.SOC.SERV.PUB;217392399.0;217392399.0;212597932.29;212597932.29;212597932.29
21/02/21;2013;APOSENTADORIAS E PENSOES CIVIS DA UNIAO; -;PESSOAL E ENCARGOS SOCIAIS;APLICACOES DIRETAS;CONTR.PATRONAL PARA O PLANO SEG.SOC.SERV.PUB.;217416553.0;217416553.0;217416553.0;217416553.0;217416553.0
21/02/21;2013;AMORTIZACAO E ENCARGOS DE FINANCIAMENTO DA DIVIDA CONTRATUAL; -;JUROS E ENCARGOS DA DIVIDA;APLICACOES DIRETAS;RECURSOS ORDINARIOS;213948.0;213948.0;0.0;0.0;0.0
21/02/21;2013;AMORTIZACAO E ENCARGOS DE FINANCIAMENTO DA DIVIDA CONTRATUAL; -;JUROS E ENCARGOS DA DIVIDA;APLICACOES DIRETAS;TITULOS DE RESPONSAB.DO TN-OUTRAS APLICACOES;0.0;192052.0;124985.9;124985.9;124985.9
21/02/21;2013;AMORTIZACAO E ENCARGOS DE FINANCIAMENTO DA DIVIDA CONTRATUAL; -;AMORTIZACAO/REFINANCIAMENTO DA DIVIDA;APLICACOES DIRETAS;TITULOS DE RESP.DO TN-REFINANC.DIV.PUB.FED.;0.0;1624000.0;359462.2;359462.2;359462.2
21/02/21;2013;APOSENTADORIAS E PENSOES DO EXTINTO INSTITUTO DE PREVIDENCIA; -;PESSOAL E ENCARGOS SOCIAIS;APLICACOES DIRETAS;RECURSOS ORDINARIOS;22200000.0;22200000.0;21141765.07;21141765.07;21141765.07
21/02/21;2013;CONTRIBUICAO DA UNIAO, DE SUAS AUTARQUIAS E FUNDACOES PARA O; -;PESSOAL E ENCARGOS SOCIAIS;APLICACOES DIRETAS - OPERACOES INTERNAS;RECURSOS ORDINARIOS;214754752.0;224876512.0;205506048.21;205349216.48;205349216.48
21/02/21;2013;PROVIMENTO DE CARGOS E FUNCOES E REESTRUTURACAO DE CARGOS, C; -;PESSOAL E ENCARGOS SOCIAIS;APLICACOES DIRETAS;RECURSOS ORDINARIOS;32631752.0;32631752.0;0.0;0.0;0.0
21/02/21;2013;INTERLEGIS II - IMPLEMENTACAO DO LEGISLATIVO ELETRONICO (E-L; -;OUTRAS DESPESAS CORRENTES;TRANSFERENCIAS AO EXTERIOR;RECURSOS ORDINARIOS;5080000.0;480000.0;400000.0;400000.0;400000.0
21/02/21;2013;INTERLEGIS II - IMPLEMENTACAO DO LEGISLATIVO ELETRONICO (E-L; -;OUTRAS DESPESAS CORRENTES;TRANSFERENCIAS AO EXTERIOR;OPERACOES DE CREDITO EXTERNAS-EM MOEDA;0.0;4600000.0;4600000.0;2453541.29;2453541.29
21/02/21;2013;INTERLEGIS II - IMPLEMENTACAO DO LEGISLATIVO ELETRONICO (E-L; -;OUTRAS DESPESAS CORRENTES;APLICACOES DIRETAS;RECURSOS ORDINARIOS;3876898.0;2000000.0;89121.22;89121.22;89121.22
21/02/21;2013;INTERLEGIS II - IMPLEMENTACAO DO LEGISLATIVO ELETRONICO (E-L; -;INVESTIMENTOS;APLICACOES DIRETAS;OPERACOES DE CREDITO EXTERNAS-EM MOEDA;0.0;2876898.0;0.0;0.0;0.0
21/02/21;2013;ASSISTENCIA MEDICA E ODONTOLOGICA AOS SERVIDORES CIVIS, EMPR;ASSISTENCIA MEDICA E ODONTOLOGICA DE CIVIS - COMPLEMENTACAO DA UNIAO;OUTRAS DESPESAS CORRENTES;APLICACOES DIRETAS;RECURSOS ORDINARIOS;103152051.98;115152051.98;115152051.98;110427177.61;110197769.51
21/02/21;2013;ASSISTENCIA MEDICA E ODONTOLOGICA AOS SERVIDORES CIVIS, EMPR;ASSISTENCIA MEDICA E ODONTOLOGICA DE CIVIS - COMPLEMENTACAO DA UNIAO;OUTRAS DESPESAS CORRENTES;APLICACOES DIRETAS - OPERACOES INTERNAS;RECURSOS ORDINARIOS;108868.02;108868.02;108868.02;108868.02;108868.02
21/02/21;2013;ASSISTENCIA PRE-ESCOLAR AOS DEPENDENTES DOS SERVIDORES CIVIS; -;OUTRAS DESPESAS CORRENTES;APLICACOES DIRETAS;RECURSOS ORDINARIOS;5609628.0;6559628.0;6456268.69;6456268.69;6456268.69
21/02/21;2013;AUXILIO-TRANSPORTE AOS SERVIDORES CIVIS, EMPREGADOS E MILITA;AUXILIO-TRANSPORTE - CIVIS;OUTRAS DESPESAS CORRENTES;APLICACOES DIRETAS;RECURSOS ORDINARIOS;1326000.0;1326000.0;58373.18;58373.18;58373.18
21/02/21;2013;AUXILIO-ALIMENTACAO AOS SERVIDORES CIVIS, EMPREGADOS E MILIT;AUXILIO-ALIMENTACAO - CIVIS;OUTRAS DESPESAS CORRENTES;APLICACOES DIRETAS;RECURSOS ORDINARIOS;57387432.0;56437432.0;55249041.09;55249041.09;55249041.09
21/02/21;2013;ATIVOS CIVIS DA UNIAO; -;PESSOAL E ENCARGOS SOCIAIS;APLICACOES DIRETAS;RECURSOS ORDINARIOS;1382662608.1;1364340848.1;1336519587.54;1334928158.53;1334927105.53
21/02/21;2013;ATIVOS CIVIS DA UNIAO; -;PESSOAL E ENCARGOS SOCIAIS;APLICACOES DIRETAS - OPERACOES INTERNAS;RECURSOS ORDINARIOS;55838900.9;55838900.9;55838900.9;55838900.9;55838900.9
21/02/21;2013;COMUNICACAO E DIVULGACAO INSTITUCIONAL;RADIO E TV;OUTRAS DESPESAS CORRENTES;APLICACOES DIRETAS;RECURSOS ORDINARIOS;44306247.39;44306247.39;39246930.74;34763295.02;34729795.02
21/02/21;2013;COMUNICACAO E DIVULGACAO INSTITUCIONAL;RADIO E TV;OUTRAS DESPESAS CORRENTES;APLICACOES DIRETAS - OPERACOES INTERNAS;RECURSOS ORDINARIOS;3244390.61;3244390.61;1359120.97;1264305.79;1264305.79
21/02/21;2013;COMUNICACAO E DIVULGACAO INSTITUCIONAL;RADIO E TV;INVESTIMENTOS;APLICACOES DIRETAS;RECURSOS ORDINARIOS;8400000.0;15400000.0;4787199.55;3381352.58;3380313.88
21/02/21;2013;PROCESSO LEGISLATIVO, FISCALIZACAO E REPRESENTACAO POLITICA;VALOR NAO DETALHADO (REABERTURA DE CREDITO);INVESTIMENTOS;APLICACOES DIRETAS;RECURSOS ORDINARIOS;0.0;54847.0;54847.0;54847.0;54847.0
21/02/21;2013;PROCESSO LEGISLATIVO, FISCALIZACAO E REPRESENTACAO POLITICA;ADMINISTRACAO LEGISLATIVA;OUTRAS DESPESAS CORRENTES;TRANSFERENCIAS AO EXTERIOR;RECURSOS ORDINARIOS;4021.22;4021.22;3718.91;3718.91;3718.91
21/02/21;2013;PROCESSO LEGISLATIVO, FISCALIZACAO E REPRESENTACAO POLITICA;ADMINISTRACAO LEGISLATIVA;OUTRAS DESPESAS CORRENTES;APLICACOES DIRETAS;RECURSOS ORDINARIOS;295698739.9;302698739.9;213215443.7;185071748.95;184054604.15
21/02/21;2013;PROCESSO LEGISLATIVO, FISCALIZACAO E REPRESENTACAO POLITICA;ADMINISTRACAO LEGISLATIVA;OUTRAS DESPESAS CORRENTES;APLICACOES DIRETAS;REC.PROPRIOS PRIMARIOS DE LIVRE APLICACAO;5959553.0;5959553.0;0.0;0.0;0.0
21/02/21;2013;PROCESSO LEGISLATIVO, FISCALIZACAO E REPRESENTACAO POLITICA;ADMINISTRACAO LEGISLATIVA;OUTRAS DESPESAS CORRENTES;APLICACOES DIRETAS - OPERACOES INTERNAS;RECURSOS ORDINARIOS;1118969.88;1118969.88;471194.72;243455.36;243455.36
21/02/21;2013;PROCESSO LEGISLATIVO, FISCALIZACAO E REPRESENTACAO POLITICA;ADMINISTRACAO LEGISLATIVA;INVESTIMENTOS;APLICACOES DIRETAS;RECURSOS ORDINARIOS;16021665.0;14029304.0;2635367.62;2194964.17;2152659.96
21/02/21;2013;PROCESSO LEGISLATIVO, FISCALIZACAO E REPRESENTACAO POLITICA;CAPACITACAO DE RECURSOS HUMANOS;OUTRAS DESPESAS CORRENTES;APLICACOES DIRETAS;RECURSOS ORDINARIOS;2211245.78;2211245.78;1247528.54;1216280.08;1216280.08
21/02/21;2013;PROCESSO LEGISLATIVO, FISCALIZACAO E REPRESENTACAO POLITICA;CAPACITACAO DE RECURSOS HUMANOS;OUTRAS DESPESAS CORRENTES;APLICACOES DIRETAS - OPERACOES INTERNAS;RECURSOS ORDINARIOS;69132.22;69132.22;11269.72;10590.4;10590.4
21/02/21;2013;PROCESSO LEGISLATIVO, FISCALIZACAO E REPRESENTACAO POLITICA;TREINAMENTO E CAPACITACAO POR ENSINO A DISTANCIA;OUTRAS DESPESAS CORRENTES;APLICACOES DIRETAS;RECURSOS ORDINARIOS;1140189.0;1140189.0;0.0;0.0;0.0
21/02/21;2013;PROCESSO LEGISLATIVO, FISCALIZACAO E REPRESENTACAO POLITICA;GESTAO DO SISTEMA DE INFORMATICA;OUTRAS DESPESAS CORRENTES;APLICACOES DIRETAS;RECURSOS ORDINARIOS;34902367.21;34902367.21;15862620.46;13924849.1;13918508.81
21/02/21;2013;PROCESSO LEGISLATIVO, FISCALIZACAO E REPRESENTACAO POLITICA;GESTAO DO SISTEMA DE INFORMATICA;OUTRAS DESPESAS CORRENTES;APLICACOES DIRETAS - OPERACOES INTERNAS;RECURSOS ORDINARIOS;1669.79;1669.79;73.66;73.66;73.66
21/02/21;2013;PROCESSO LEGISLATIVO, FISCALIZACAO E REPRESENTACAO POLITICA;GESTAO DO SISTEMA DE INFORMATICA;INVESTIMENTOS;APLICACOES DIRETAS;RECURSOS ORDINARIOS;13040379.0;26294198.0;14115993.03;2806812.27;2806812.27
21/02/21;2013;PROCESSO LEGISLATIVO, FISCALIZACAO E REPRESENTACAO POLITICA;REDE DE INTEGRACAO E PARTICIPACAO LEGISLATIVA - INTERLEGIS;OUTRAS DESPESAS CORRENTES;APLICACOES DIRETAS;RECURSOS ORDINARIOS;2765805.0;2765805.0;2176070.4;1417360.51;1416130.51
21/02/21;2013;PROCESSO LEGISLATIVO, FISCALIZACAO E REPRESENTACAO POLITICA;PRODUCAO E DISTRIBUICAO DE DOCUMENTOS LEGISLATIVOS;OUTRAS DESPESAS CORRENTES;APLICACOES DIRETAS;RECURSOS ORDINARIOS;23682527.0;23682527.0;15200971.67;13699197.65;13695636.0
21/02/21;2013;PROCESSO LEGISLATIVO, FISCALIZACAO E REPRESENTACAO POLITICA;PRODUCAO E DISTRIBUICAO DE DOCUMENTOS LEGISLATIVOS;OUTRAS DESPESAS CORRENTES;APLICACOES DIRETAS - OPERACOES INTERNAS;RECURSOS ORDINARIOS;14000.0;14000.0;4000.0;2000.0;2000.0
21/02/21;2013;PROCESSO LEGISLATIVO, FISCALIZACAO E REPRESENTACAO POLITICA;PRODUCAO E DISTRIBUICAO DE DOCUMENTOS LEGISLATIVOS;INVESTIMENTOS;APLICACOES DIRETAS;RECURSOS ORDINARIOS;5708800.0;5708800.0;522214.84;522214.84;521994.24
21/02/21;2013;CONSTRUCAO DO ANEXO III; -;INVESTIMENTOS;APLICACOES DIRETAS;RECURSOS ORDINARIOS;2000000.0;2000000.0;0.0;0.0;0.0
