ano;orgao;data_carga;categoria_economica;origem;especia;desdobramento;natureza;receita_prevista;receita_arrecadada
2021;02000 - SENADO FEDERAL;21/02/2021;1 - RECEITAS CORRENTES;13 - RECEITA PATRIMONIAL;131 - EXPLORAÇÃO DO PATRIMÔNIO IMOBILIÁRIO DO ESTADO;0 - EXPLORAÇÃO DO PATRIMÔNIO IMOBILIÁRIO DO ESTADO;CONCESSÃO, PERMISSÃO, AUTORIZAÇÃO OU CESSÃO DO DIREITO DE USO DE BENS IMÓVEIS PÚBLICOS - PRINCIPAL;0.0;221045.64
2021;02000 - SENADO FEDERAL;21/02/2021;1 - RECEITAS CORRENTES;13 - RECEITA PATRIMONIAL;136 - CESSÃO DE DIREITOS;0 - CESSÃO DE DIREITOS;CESSÃO DO DIREITO DE OPERACIONALIZAÇÃO DE PAGAMENTOS - PRINCIPAL;0.0;1610434.77
2021;02000 - SENADO FEDERAL;21/02/2021;1 - RECEITAS CORRENTES;15 - RECEITA INDUSTRIAL;150 - RECEITA INDUSTRIAL;0 - RECEITA INDUSTRIAL;RECEITA INDUSTRIAL - PRINCIPAL;0.0;37455.88
2021;02000 - SENADO FEDERAL;21/02/2021;1 - RECEITAS CORRENTES;16 - RECEITA DE SERVIÇOS;161 - SERVIÇOS ADMINISTRATIVOS E COMERCIAIS GERAIS;0 - SERVIÇOS ADMINISTRATIVOS E COMERCIAIS GERAIS;SERVIÇOS ADMINISTRATIVOS E COMERCIAIS GERAIS - PRINCIPAL;0.0;28018.0
2021;02000 - SENADO FEDERAL;21/02/2021;1 - RECEITAS CORRENTES;16 - RECEITA DE SERVIÇOS;163 - SERVIÇOS E ATIVIDADES REFERENTES À SAÚDE;0 - SERVIÇOS E ATIVIDADES REFERENTES À SAÚDE;SERVIÇOS DE ASSISTÊNCIA À SAÚDE SUPLEMENTAR DO SERVIDOR CIVIL - PRINCIPAL;0.0;488048.3
2021;02000 - SENADO FEDERAL;21/02/2021;1 - RECEITAS CORRENTES;16 - RECEITA DE SERVIÇOS;163 - SERVIÇOS E ATIVIDADES REFERENTES À SAÚDE;0 - SERVIÇOS E ATIVIDADES REFERENTES À SAÚDE;SERVIÇOS DE ASSISTÊNCIA À SAÚDE SUPLEMENTAR DO SERVIDOR CIVIL - MULTAS E JUROS;0.0;56.96
2021;02000 - SENADO FEDERAL;21/02/2021;1 - RECEITAS CORRENTES;19 - OUTRAS RECEITAS CORRENTES;191 - MULTAS ADMINISTRATIVAS, CONTRATUAIS E JUDICIAIS;0 - MULTAS ADMINISTRATIVAS, CONTRATUAIS E JUDICIAIS;MULTAS E JUROS PREVISTOS EM CONTRATOS - PRINCIPAL;0.0;230428.07
2021;02000 - SENADO FEDERAL;21/02/2021;1 - RECEITAS CORRENTES;19 - OUTRAS RECEITAS CORRENTES;192 - INDENIZAÇÕES, RESTITUIÇÕES E RESSARCIMENTOS;2 - RESTITUIÇÕES;RESTITUIÇÃO DE DESPESAS DE EXERCÍCIOS ANTERIORES - PRINCIPAL;0.0;361805.0
2021;02000 - SENADO FEDERAL;21/02/2021;1 - RECEITAS CORRENTES;19 - OUTRAS RECEITAS CORRENTES;192 - INDENIZAÇÕES, RESTITUIÇÕES E RESSARCIMENTOS;2 - RESTITUIÇÕES;OUTRAS RESTITUIÇÕES - PRINCIPAL;0.0;25861.79
2021;02000 - SENADO FEDERAL;21/02/2021;1 - RECEITAS CORRENTES;19 - OUTRAS RECEITAS CORRENTES;192 - INDENIZAÇÕES, RESTITUIÇÕES E RESSARCIMENTOS;3 - RESSARCIMENTOS;OUTROS RESSARCIMENTOS - PRINCIPAL;0.0;4180.67
2021;02000 - SENADO FEDERAL;21/02/2021;7 - RECEITAS CORRENTES - OPERAÇÕES INTRAORÇAMENTÁRIAS;73 - RECEITA PATRIMONIAL - OPERAÇÕES INTRAORÇAMENTÁRIAS;731 - EXPLORAÇÃO DO PATRIMÔNIO IMOBILIÁRIO DO ESTADO - OPERAÇÕES INTRAORÇAMENTÁRIAS;0 - EXPLORAÇÃO DO PATRIMÔNIO IMOBILIÁRIO DO ESTADO - OPERAÇÕES INTRAORÇAMENTÁRIAS;CONCESSÃO, PERMISSÃO, AUTORIZAÇÃO OU CESSÃO DO DIREITO DE USO DE BENS IMÓVEIS PÚBLICOS - PRINCIPAL - OPERAÇÕES INTRAORÇAMENTÁRIAS;0.0;11273.73
2020;02000 - SENADO FEDERAL;16/02/2021;1 - RECEITAS CORRENTES;13 - RECEITA PATRIMONIAL;131 - EXPLORAÇÃO DO PATRIMÔNIO IMOBILIÁRIO DO ESTADO;0 - EXPLORAÇÃO DO PATRIMÔNIO IMOBILIÁRIO DO ESTADO;ALUGUÉIS E ARRENDAMENTOS - PRINCIPAL;0.0;8228.56
2020;02000 - SENADO FEDERAL;16/02/2021;1 - RECEITAS CORRENTES;13 - RECEITA PATRIMONIAL;131 - EXPLORAÇÃO DO PATRIMÔNIO IMOBILIÁRIO DO ESTADO;0 - EXPLORAÇÃO DO PATRIMÔNIO IMOBILIÁRIO DO ESTADO;CONCESSÃO, PERMISSÃO, AUTORIZAÇÃO OU CESSÃO DO DIREITO DE USO DE BENS IMÓVEIS PÚBLICOS - PRINCIPAL;498522.0;2018165.14
2020;02000 - SENADO FEDERAL;16/02/2021;1 - RECEITAS CORRENTES;13 - RECEITA PATRIMONIAL;131 - EXPLORAÇÃO DO PATRIMÔNIO IMOBILIÁRIO DO ESTADO;0 - EXPLORAÇÃO DO PATRIMÔNIO IMOBILIÁRIO DO ESTADO;CONCESSÃO, PERMISSÃO, AUTORIZAÇÃO OU CESSÃO DO DIREITO DE USO DE BENS IMÓVEIS PÚBLICOS - MULTAS E JUROS;0.0;1236.56
2020;02000 - SENADO FEDERAL;16/02/2021;1 - RECEITAS CORRENTES;15 - RECEITA INDUSTRIAL;150 - RECEITA INDUSTRIAL;0 - RECEITA INDUSTRIAL;RECEITA INDUSTRIAL - PRINCIPAL;998519.0;532788.32
2020;02000 - SENADO FEDERAL;16/02/2021;1 - RECEITAS CORRENTES;16 - RECEITA DE SERVIÇOS;161 - SERVIÇOS ADMINISTRATIVOS E COMERCIAIS GERAIS;0 - SERVIÇOS ADMINISTRATIVOS E COMERCIAIS GERAIS;SERVIÇOS ADMINISTRATIVOS E COMERCIAIS GERAIS - PRINCIPAL;240536.0;178647.71
2020;02000 - SENADO FEDERAL;16/02/2021;1 - RECEITAS CORRENTES;16 - RECEITA DE SERVIÇOS;163 - SERVIÇOS E ATIVIDADES REFERENTES À SAÚDE;0 - SERVIÇOS E ATIVIDADES REFERENTES À SAÚDE;SERVIÇOS DE ASSISTÊNCIA À SAÚDE SUPLEMENTAR DO SERVIDOR CIVIL - PRINCIPAL;3192955.0;2905719.18
2020;02000 - SENADO FEDERAL;16/02/2021;1 - RECEITAS CORRENTES;19 - OUTRAS RECEITAS CORRENTES;191 - MULTAS ADMINISTRATIVAS, CONTRATUAIS E JUDICIAIS;0 - MULTAS ADMINISTRATIVAS, CONTRATUAIS E JUDICIAIS;MULTAS E JUROS PREVISTOS EM CONTRATOS - PRINCIPAL;1079899.0;308356.73
2020;02000 - SENADO FEDERAL;16/02/2021;1 - RECEITAS CORRENTES;19 - OUTRAS RECEITAS CORRENTES;192 - INDENIZAÇÕES, RESTITUIÇÕES E RESSARCIMENTOS;1 - INDENIZAÇÕES;INDENIZAÇÕES POR DANOS CAUSADOS AO PATRIMÔNIO PÚBLICO - PRINCIPAL;0.0;785.06
2020;02000 - SENADO FEDERAL;16/02/2021;1 - RECEITAS CORRENTES;19 - OUTRAS RECEITAS CORRENTES;192 - INDENIZAÇÕES, RESTITUIÇÕES E RESSARCIMENTOS;2 - RESTITUIÇÕES;RESTITUIÇÃO DE DESPESAS DE EXERCÍCIOS ANTERIORES - PRINCIPAL;0.0;2252864.49
2020;02000 - SENADO FEDERAL;16/02/2021;1 - RECEITAS CORRENTES;19 - OUTRAS RECEITAS CORRENTES;192 - INDENIZAÇÕES, RESTITUIÇÕES E RESSARCIMENTOS;2 - RESTITUIÇÕES;OUTRAS RESTITUIÇÕES - PRINCIPAL;0.0;488053.93
2020;02000 - SENADO FEDERAL;16/02/2021;1 - RECEITAS CORRENTES;19 - OUTRAS RECEITAS CORRENTES;192 - INDENIZAÇÕES, RESTITUIÇÕES E RESSARCIMENTOS;3 - RESSARCIMENTOS;OUTROS RESSARCIMENTOS - PRINCIPAL;0.0;29103.33
2020;02000 - SENADO FEDERAL;16/02/2021;1 - RECEITAS CORRENTES;19 - OUTRAS RECEITAS CORRENTES;192 - INDENIZAÇÕES, RESTITUIÇÕES E RESSARCIMENTOS;3 - RESSARCIMENTOS;OUTROS RESSARCIMENTOS-MULTAS E JUROS;0.0;206.73
2020;02000 - SENADO FEDERAL;16/02/2021;2 - RECEITAS DE CAPITAL;22 - ALIENAÇÃO DE BENS;221 - ALIENAÇÃO DE BENS MÓVEIS;3 - ALIENAÇÃO DE BENS MÓVEIS E SEMOVENTES;ALIENAÇÃO DE BENS MÓVEIS E SEMOVENTES - PRINCIPAL;164610.0;218380.0
2020;02000 - SENADO FEDERAL;16/02/2021;7 - RECEITAS CORRENTES - OPERAÇÕES INTRAORÇAMENTÁRIAS;73 - RECEITA PATRIMONIAL - OPERAÇÕES INTRAORÇAMENTÁRIAS;731 - EXPLORAÇÃO DO PATRIMÔNIO IMOBILIÁRIO DO ESTADO - OPERAÇÕES INTRAORÇAMENTÁRIAS;0 - EXPLORAÇÃO DO PATRIMÔNIO IMOBILIÁRIO DO ESTADO - OPERAÇÕES INTRAORÇAMENTÁRIAS;CONCESSÃO, PERMISSÃO, AUTORIZAÇÃO OU CESSÃO DO DIREITO DE USO DE BENS IMÓVEIS PÚBLICOS - PRINCIPAL - OPERAÇÕES INTRAORÇAMENTÁRIAS;1671913.0;272784.53
2020;02000 - SENADO FEDERAL;16/02/2021;7 - RECEITAS CORRENTES - OPERAÇÕES INTRAORÇAMENTÁRIAS;75 - RECEITA INDUSTRIAL - OPERAÇÕES INTRAORÇAMENTÁRIAS;750 - RECEITA INDUSTRIAL - OPERAÇÕES INTRAORÇAMENTÁRIAS;0 - RECEITA INDUSTRIAL - OPERAÇÕES INTRAORÇAMENTÁRIAS;RECEITA INDUSTRIAL - PRINCIPAL - OPERAÇÕES INTRAORÇAMENTÁRIAS;0.0;-41385.78
2019;02000 - SENADO FEDERAL;28/02/2020;1 - RECEITAS CORRENTES;13 - RECEITA PATRIMONIAL;131 - EXPLORAÇÃO DO PATRIMÔNIO IMOBILIÁRIO DO ESTADO;0 - EXPLORAÇÃO DO PATRIMÔNIO IMOBILIÁRIO DO ESTADO;ALUGUÉIS E ARRENDAMENTOS - PRINCIPAL;16944.0;801.05
2019;02000 - SENADO FEDERAL;28/02/2020;1 - RECEITAS CORRENTES;13 - RECEITA PATRIMONIAL;131 - EXPLORAÇÃO DO PATRIMÔNIO IMOBILIÁRIO DO ESTADO;0 - EXPLORAÇÃO DO PATRIMÔNIO IMOBILIÁRIO DO ESTADO;ALUGUÉIS E ARRENDAMENTOS - MULTAS E JUROS;0.0;14.1
2019;02000 - SENADO FEDERAL;28/02/2020;1 - RECEITAS CORRENTES;13 - RECEITA PATRIMONIAL;131 - EXPLORAÇÃO DO PATRIMÔNIO IMOBILIÁRIO DO ESTADO;0 - EXPLORAÇÃO DO PATRIMÔNIO IMOBILIÁRIO DO ESTADO;CONCESSÃO, PERMISSÃO, AUTORIZAÇÃO OU CESSÃO DO DIREITO DE USO DE BENS IMÓVEIS PÚBLICOS - PRINCIPAL;1345725.0;279447.88
2019;02000 - SENADO FEDERAL;28/02/2020;1 - RECEITAS CORRENTES;13 - RECEITA PATRIMONIAL;131 - EXPLORAÇÃO DO PATRIMÔNIO IMOBILIÁRIO DO ESTADO;0 - EXPLORAÇÃO DO PATRIMÔNIO IMOBILIÁRIO DO ESTADO;CONCESSÃO, PERMISSÃO, AUTORIZAÇÃO OU CESSÃO DO DIREITO DE USO DE BENS IMÓVEIS PÚBLICOS - MULTAS E JUROS;0.0;231.01
2019;02000 - SENADO FEDERAL;28/02/2020;1 - RECEITAS CORRENTES;15 - RECEITA INDUSTRIAL;150 - RECEITA INDUSTRIAL;0 - RECEITA INDUSTRIAL;RECEITA INDUSTRIAL - PRINCIPAL;964225.0;965998.59
2019;02000 - SENADO FEDERAL;28/02/2020;1 - RECEITAS CORRENTES;16 - RECEITA DE SERVIÇOS;161 - SERVIÇOS ADMINISTRATIVOS E COMERCIAIS GERAIS;0 - SERVIÇOS ADMINISTRATIVOS E COMERCIAIS GERAIS;SERVIÇOS ADMINISTRATIVOS E COMERCIAIS GERAIS - PRINCIPAL;259603.0;204647.9
2019;02000 - SENADO FEDERAL;28/02/2020;1 - RECEITAS CORRENTES;16 - RECEITA DE SERVIÇOS;163 - SERVIÇOS E ATIVIDADES REFERENTES À SAÚDE;0 - SERVIÇOS E ATIVIDADES REFERENTES À SAÚDE;SERVIÇOS DE ASSISTÊNCIA À SAÚDE SUPLEMENTAR DO SERVIDOR CIVIL - PRINCIPAL;2248211.0;2513392.36
2019;02000 - SENADO FEDERAL;28/02/2020;1 - RECEITAS CORRENTES;16 - RECEITA DE SERVIÇOS;163 - SERVIÇOS E ATIVIDADES REFERENTES À SAÚDE;0 - SERVIÇOS E ATIVIDADES REFERENTES À SAÚDE;SERVIÇOS DE ASSISTÊNCIA À SAÚDE SUPLEMENTAR DO SERVIDOR CIVIL - MULTAS E JUROS;2979.0;0.0
2019;02000 - SENADO FEDERAL;28/02/2020;1 - RECEITAS CORRENTES;19 - OUTRAS RECEITAS CORRENTES;191 - MULTAS ADMINISTRATIVAS, CONTRATUAIS E JUDICIAIS;0 - MULTAS ADMINISTRATIVAS, CONTRATUAIS E JUDICIAIS;MULTAS E JUROS PREVISTOS EM CONTRATOS - PRINCIPAL;579214.0;819424.67
2019;02000 - SENADO FEDERAL;28/02/2020;1 - RECEITAS CORRENTES;19 - OUTRAS RECEITAS CORRENTES;191 - MULTAS ADMINISTRATIVAS, CONTRATUAIS E JUDICIAIS;0 - MULTAS ADMINISTRATIVAS, CONTRATUAIS E JUDICIAIS;MULTAS E JUROS PREVISTOS EM CONTRATOS-MUL.JUR;0.0;55.09
2019;02000 - SENADO FEDERAL;28/02/2020;1 - RECEITAS CORRENTES;19 - OUTRAS RECEITAS CORRENTES;192 - INDENIZAÇÕES, RESTITUIÇÕES E RESSARCIMENTOS;1 - INDENIZAÇÕES;INDENIZAÇÕES POR DANOS CAUSADOS AO PATRIMÔNIO PÚBLICO - PRINCIPAL;0.0;8407.59
2019;02000 - SENADO FEDERAL;28/02/2020;1 - RECEITAS CORRENTES;19 - OUTRAS RECEITAS CORRENTES;192 - INDENIZAÇÕES, RESTITUIÇÕES E RESSARCIMENTOS;2 - RESTITUIÇÕES;RESTITUIÇÃO DE DESPESAS DE EXERCÍCIOS ANTERIORES - PRINCIPAL;2397719.0;3100942.66
2019;02000 - SENADO FEDERAL;28/02/2020;1 - RECEITAS CORRENTES;19 - OUTRAS RECEITAS CORRENTES;192 - INDENIZAÇÕES, RESTITUIÇÕES E RESSARCIMENTOS;2 - RESTITUIÇÕES;OUTRAS RESTITUIÇÕES - PRINCIPAL;104218.0;125714.32
2019;02000 - SENADO FEDERAL;28/02/2020;2 - RECEITAS DE CAPITAL;22 - ALIENAÇÃO DE BENS;221 - ALIENAÇÃO DE BENS MÓVEIS;3 - ALIENAÇÃO DE BENS MÓVEIS E SEMOVENTES;ALIENAÇÃO DE BENS MÓVEIS E SEMOVENTES - PRINCIPAL;0.0;673540.0
2019;02000 - SENADO FEDERAL;28/02/2020;7 - RECEITAS CORRENTES - OPERAÇÕES INTRAORÇAMENTÁRIAS;73 - RECEITA PATRIMONIAL - OPERAÇÕES INTRAORÇAMENTÁRIAS;731 - EXPLORAÇÃO DO PATRIMÔNIO IMOBILIÁRIO DO ESTADO - OPERAÇÕES INTRAORÇAMENTÁRIAS;0 - EXPLORAÇÃO DO PATRIMÔNIO IMOBILIÁRIO DO ESTADO - OPERAÇÕES INTRAORÇAMENTÁRIAS;CONCESSÃO, PERMISSÃO, AUTORIZAÇÃO OU CESSÃO DO DIREITO DE USO DE BENS IMÓVEIS PÚBLICOS - PRINCIPAL - OPERAÇÕES INTRAORÇAMENTÁRIAS;1088234.0;1574474.93
2019;02000 - SENADO FEDERAL;28/02/2020;7 - RECEITAS CORRENTES - OPERAÇÕES INTRAORÇAMENTÁRIAS;75 - RECEITA INDUSTRIAL - OPERAÇÕES INTRAORÇAMENTÁRIAS;750 - RECEITA INDUSTRIAL - OPERAÇÕES INTRAORÇAMENTÁRIAS;0 - RECEITA INDUSTRIAL - OPERAÇÕES INTRAORÇAMENTÁRIAS;RECEITA INDUSTRIAL - PRINCIPAL - OPERAÇÕES INTRAORÇAMENTÁRIAS;99016.0;0.0
2018;02000 - SENADO FEDERAL;31/12/2018;1 - RECEITAS CORRENTES;13 - RECEITA PATRIMONIAL;131 - EXPLORAÇÃO DO PATRIMÔNIO IMOBILIÁRIO DO ESTADO;0 - EXPLORAÇÃO DO PATRIMÔNIO IMOBILIÁRIO DO ESTADO;ALUGUÉIS E ARRENDAMENTOS - PRINCIPAL;62182.0;4114.9
2018;02000 - SENADO FEDERAL;31/12/2018;1 - RECEITAS CORRENTES;13 - RECEITA PATRIMONIAL;131 - EXPLORAÇÃO DO PATRIMÔNIO IMOBILIÁRIO DO ESTADO;0 - EXPLORAÇÃO DO PATRIMÔNIO IMOBILIÁRIO DO ESTADO;CONCESSÃO, PERMISSÃO, AUTORIZAÇÃO OU CESSÃO DO DIREITO DE USO DE BENS IMÓVEIS PÚBLICOS - PRINCIPAL;1955118.0;1263904.72
2018;02000 - SENADO FEDERAL;31/12/2018;1 - RECEITAS CORRENTES;13 - RECEITA PATRIMONIAL;131 - EXPLORAÇÃO DO PATRIMÔNIO IMOBILIÁRIO DO ESTADO;0 - EXPLORAÇÃO DO PATRIMÔNIO IMOBILIÁRIO DO ESTADO;CONCESSÃO, PERMISSÃO, AUTORIZAÇÃO OU CESSÃO DO DIREITO DE USO DE BENS IMÓVEIS PÚBLICOS - MULTAS E JUROS;0.0;8.93
2018;02000 - SENADO FEDERAL;31/12/2018;1 - RECEITAS CORRENTES;15 - RECEITA INDUSTRIAL;150 - RECEITA INDUSTRIAL;0 - RECEITA INDUSTRIAL;RECEITA INDUSTRIAL - PRINCIPAL;761907.0;901895.1
2018;02000 - SENADO FEDERAL;31/12/2018;1 - RECEITAS CORRENTES;16 - RECEITA DE SERVIÇOS;161 - SERVIÇOS ADMINISTRATIVOS E COMERCIAIS GERAIS;0 - SERVIÇOS ADMINISTRATIVOS E COMERCIAIS GERAIS;SERVIÇOS ADMINISTRATIVOS E COMERCIAIS GERAIS - PRINCIPAL;258724.0;223428.9
2018;02000 - SENADO FEDERAL;31/12/2018;1 - RECEITAS CORRENTES;16 - RECEITA DE SERVIÇOS;163 - SERVIÇOS E ATIVIDADES REFERENTES À SAÚDE;0 - SERVIÇOS E ATIVIDADES REFERENTES À SAÚDE;SERVIÇOS DE ASSISTÊNCIA À SAÚDE SUPLEMENTAR DO SERVIDOR CIVIL - PRINCIPAL;1567260.0;1798562.2
2018;02000 - SENADO FEDERAL;31/12/2018;1 - RECEITAS CORRENTES;16 - RECEITA DE SERVIÇOS;163 - SERVIÇOS E ATIVIDADES REFERENTES À SAÚDE;0 - SERVIÇOS E ATIVIDADES REFERENTES À SAÚDE;SERVIÇOS DE ASSISTÊNCIA À SAÚDE SUPLEMENTAR DO SERVIDOR CIVIL - MULTAS E JUROS;15475.0;1649.78
2018;02000 - SENADO FEDERAL;31/12/2018;1 - RECEITAS CORRENTES;19 - OUTRAS RECEITAS CORRENTES;191 - MULTAS ADMINISTRATIVAS, CONTRATUAIS E JUDICIAIS;0 - MULTAS ADMINISTRATIVAS, CONTRATUAIS E JUDICIAIS;MULTAS E JUROS PREVISTOS EM CONTRATOS - PRINCIPAL;2487692.0;909943.47
2018;02000 - SENADO FEDERAL;31/12/2018;1 - RECEITAS CORRENTES;19 - OUTRAS RECEITAS CORRENTES;192 - INDENIZAÇÕES, RESTITUIÇÕES E RESSARCIMENTOS;1 - INDENIZAÇÕES;INDENIZAÇÕES POR DANOS CAUSADOS AO PATRIMÔNIO PÚBLICO - PRINCIPAL;0.0;341.41
2018;02000 - SENADO FEDERAL;31/12/2018;1 - RECEITAS CORRENTES;19 - OUTRAS RECEITAS CORRENTES;192 - INDENIZAÇÕES, RESTITUIÇÕES E RESSARCIMENTOS;2 - RESTITUIÇÕES;RESTITUIÇÃO DE DESPESAS DE EXERCÍCIOS ANTERIORES - PRINCIPAL;0.0;2130248.43
2018;02000 - SENADO FEDERAL;31/12/2018;1 - RECEITAS CORRENTES;19 - OUTRAS RECEITAS CORRENTES;192 - INDENIZAÇÕES, RESTITUIÇÕES E RESSARCIMENTOS;2 - RESTITUIÇÕES;OUTRAS RESTITUIÇÕES - PRINCIPAL;46892.0;75621.98
2018;02000 - SENADO FEDERAL;31/12/2018;1 - RECEITAS CORRENTES;19 - OUTRAS RECEITAS CORRENTES;192 - INDENIZAÇÕES, RESTITUIÇÕES E RESSARCIMENTOS;2 - RESTITUIÇÕES;OUTRAS RESTITUIÇÕES - MULTAS E JUROS;0.0;1.82
2018;02000 - SENADO FEDERAL;31/12/2018;2 - RECEITAS DE CAPITAL;22 - ALIENAÇÃO DE BENS;221 - ALIENAÇÃO DE BENS MÓVEIS;3 - ALIENAÇÃO DE BENS MÓVEIS E SEMOVENTES;ALIENAÇÃO DE BENS MÓVEIS E SEMOVENTES - PRINCIPAL;180000.0;428050.0
2018;02000 - SENADO FEDERAL;31/12/2018;7 - RECEITAS CORRENTES - OPERAÇÕES INTRAORÇAMENTÁRIAS;73 - RECEITA PATRIMONIAL - OPERAÇÕES INTRAORÇAMENTÁRIAS;731 - EXPLORAÇÃO DO PATRIMÔNIO IMOBILIÁRIO DO ESTADO - OPERAÇÕES INTRAORÇAMENTÁRIAS;0 - EXPLORAÇÃO DO PATRIMÔNIO IMOBILIÁRIO DO ESTADO - OPERAÇÕES INTRAORÇAMENTÁRIAS;CONCESSÃO, PERMISSÃO, AUTORIZAÇÃO OU CESSÃO DO DIREITO DE USO DE BENS IMÓVEIS PÚBLICOS - PRINCIPAL - OPERAÇÕES INTRAORÇAMENTÁRIAS;145656.0;900456.38
2018;02000 - SENADO FEDERAL;31/12/2018;7 - RECEITAS CORRENTES - OPERAÇÕES INTRAORÇAMENTÁRIAS;75 - RECEITA INDUSTRIAL - OPERAÇÕES INTRAORÇAMENTÁRIAS;750 - RECEITA INDUSTRIAL - OPERAÇÕES INTRAORÇAMENTÁRIAS;0 - RECEITA INDUSTRIAL - OPERAÇÕES INTRAORÇAMENTÁRIAS;RECEITA INDUSTRIAL - PRINCIPAL - OPERAÇÕES INTRAORÇAMENTÁRIAS;230803.0;-10654.45
2017;02000 - SENADO FEDERAL;31/12/2017;1 - RECEITAS CORRENTES;13 - RECEITA PATRIMONIAL;131 - EXPLORAÇÃO DO PATRIMÔNIO IMOBILIÁRIO DO ESTADO;0 - EXPLORAÇÃO DO PATRIMÔNIO IMOBILIÁRIO DO ESTADO;ALUGUÉIS E ARRENDAMENTOS - PRINCIPAL;7136.0;56197.59
2017;02000 - SENADO FEDERAL;31/12/2017;1 - RECEITAS CORRENTES;13 - RECEITA PATRIMONIAL;131 - EXPLORAÇÃO DO PATRIMÔNIO IMOBILIÁRIO DO ESTADO;0 - EXPLORAÇÃO DO PATRIMÔNIO IMOBILIÁRIO DO ESTADO;CONCESSÃO, PERMISSÃO, AUTORIZAÇÃO OU CESSÃO DO DIREITO DE USO DE BENS IMÓVEIS PÚBLICOS - PRINCIPAL;1404377.0;1163439.66
2017;02000 - SENADO FEDERAL;31/12/2017;1 - RECEITAS CORRENTES;15 - RECEITA INDUSTRIAL;150 - RECEITA INDUSTRIAL;0 - RECEITA INDUSTRIAL;RECEITA INDUSTRIAL - PRINCIPAL;618425.0;823703.86
2017;02000 - SENADO FEDERAL;31/12/2017;1 - RECEITAS CORRENTES;16 - RECEITA DE SERVIÇOS;161 - SERVIÇOS ADMINISTRATIVOS E COMERCIAIS GERAIS;0 - SERVIÇOS ADMINISTRATIVOS E COMERCIAIS GERAIS;SERVIÇOS ADMINISTRATIVOS E COMERCIAIS GERAIS - PRINCIPAL;211959.0;252182.61
2017;02000 - SENADO FEDERAL;31/12/2017;1 - RECEITAS CORRENTES;16 - RECEITA DE SERVIÇOS;163 - SERVIÇOS E ATIVIDADES REFERENTES À SAÚDE;0 - SERVIÇOS E ATIVIDADES REFERENTES À SAÚDE;SERVIÇOS DE ATENDIMENTO À SAÚDE - PRINCIPAL;584418.0;0.0
2017;02000 - SENADO FEDERAL;31/12/2017;1 - RECEITAS CORRENTES;16 - RECEITA DE SERVIÇOS;163 - SERVIÇOS E ATIVIDADES REFERENTES À SAÚDE;0 - SERVIÇOS E ATIVIDADES REFERENTES À SAÚDE;SERVIÇOS DE ASSISTÊNCIA À SAÚDE SUPLEMENTAR DO SERVIDOR CIVIL - PRINCIPAL;694515.0;1469691.5
2017;02000 - SENADO FEDERAL;31/12/2017;1 - RECEITAS CORRENTES;16 - RECEITA DE SERVIÇOS;163 - SERVIÇOS E ATIVIDADES REFERENTES À SAÚDE;0 - SERVIÇOS E ATIVIDADES REFERENTES À SAÚDE;SERVIÇOS DE ASSISTÊNCIA À SAÚDE SUPLEMENTAR DO SERVIDOR CIVIL - MULTAS E JUROS;0.0;3867.37
2017;02000 - SENADO FEDERAL;31/12/2017;1 - RECEITAS CORRENTES;19 - OUTRAS RECEITAS CORRENTES;191 - MULTAS ADMINISTRATIVAS, CONTRATUAIS E JUDICIAIS;0 - MULTAS ADMINISTRATIVAS, CONTRATUAIS E JUDICIAIS;MULTAS E JUROS PREVISTOS EM CONTRATOS - PRINCIPAL;2413961.0;1702147.7
2017;02000 - SENADO FEDERAL;31/12/2017;1 - RECEITAS CORRENTES;19 - OUTRAS RECEITAS CORRENTES;192 - INDENIZAÇÕES, RESTITUIÇÕES E RESSARCIMENTOS;1 - INDENIZAÇÕES;INDENIZAÇÕES POR DANOS CAUSADOS AO PATRIMÔNIO PÚBLICO - PRINCIPAL;0.0;1447.0
2017;02000 - SENADO FEDERAL;31/12/2017;1 - RECEITAS CORRENTES;19 - OUTRAS RECEITAS CORRENTES;192 - INDENIZAÇÕES, RESTITUIÇÕES E RESSARCIMENTOS;2 - RESTITUIÇÕES;RESTITUIÇÃO DE DESPESAS DE EXERCÍCIOS ANTERIORES - PRINCIPAL;0.0;3159826.83
2017;02000 - SENADO FEDERAL;31/12/2017;1 - RECEITAS CORRENTES;19 - OUTRAS RECEITAS CORRENTES;192 - INDENIZAÇÕES, RESTITUIÇÕES E RESSARCIMENTOS;2 - RESTITUIÇÕES;OUTRAS RESTITUIÇÕES - PRINCIPAL;183391.0;55656.96
2017;02000 - SENADO FEDERAL;31/12/2017;2 - RECEITAS DE CAPITAL;22 - ALIENAÇÃO DE BENS;221 - ALIENAÇÃO DE BENS MÓVEIS;3 - ALIENAÇÃO DE BENS MÓVEIS E SEMOVENTES;ALIENAÇÃO DE BENS MÓVEIS E SEMOVENTES - PRINCIPAL;164718.0;326690.0
2017;02000 - SENADO FEDERAL;31/12/2017;7 - RECEITAS CORRENTES - OPERAÇÕES INTRAORÇAMENTÁRIAS;73 - RECEITA PATRIMONIAL - OPERAÇÕES INTRAORÇAMENTÁRIAS;731 - EXPLORAÇÃO DO PATRIMÔNIO IMOBILIÁRIO DO ESTADO - OPERAÇÕES INTRAORÇAMENTÁRIAS;0 - EXPLORAÇÃO DO PATRIMÔNIO IMOBILIÁRIO DO ESTADO - OPERAÇÕES INTRAORÇAMENTÁRIAS;CONCESSÃO, PERMISSÃO, AUTORIZAÇÃO OU CESSÃO DO DIREITO DE USO DE BENS IMÓVEIS PÚBLICOS - PRINCIPAL - OPERAÇÕES INTRAORÇAMENTÁRIAS;155383.0;605589.96
2017;02000 - SENADO FEDERAL;31/12/2017;7 - RECEITAS CORRENTES - OPERAÇÕES INTRAORÇAMENTÁRIAS;75 - RECEITA INDUSTRIAL - OPERAÇÕES INTRAORÇAMENTÁRIAS;750 - RECEITA INDUSTRIAL - OPERAÇÕES INTRAORÇAMENTÁRIAS;0 - RECEITA INDUSTRIAL - OPERAÇÕES INTRAORÇAMENTÁRIAS;RECEITA INDUSTRIAL - PRINCIPAL - OPERAÇÕES INTRAORÇAMENTÁRIAS;434291.0;187328.98
2017;98000 - RECEITA DO TESOURO DA UNIÃO;31/12/2017;1 - RECEITAS CORRENTES;19 - OUTRAS RECEITAS CORRENTES;192 - INDENIZAÇÕES, RESTITUIÇÕES E RESSARCIMENTOS;1 - INDENIZAÇÕES;OUTRAS INDENIZAÇÕES - PRINCIPAL;0.0;2162.98
2016;02000 - SENADO FEDERAL;31/12/2016;1 - RECEITAS CORRENTES;13 - RECEITA PATRIMONIAL;131 - EXPLORAÇÃO DO PATRIMÔNIO IMOBILIÁRIO DO ESTADO;0.01.1 - ALUGUÉIS, ARRENDAMENTOS, FOROS, LAUDÊMIOS, TARIFAS DE OCUPAÇÃO;ALUGUÉIS, ARRENDAMENTOS, FOROS, LAUDÊMIOS, TARIFAS DE OCUPAÇÃO - PRINCIPAL;1475.0;11800.48
2016;02000 - SENADO FEDERAL;31/12/2016;1 - RECEITAS CORRENTES;13 - RECEITA PATRIMONIAL;131 - EXPLORAÇÃO DO PATRIMÔNIO IMOBILIÁRIO DO ESTADO;0.02.1 - CONCESSÃO, PERMISSÃO, AUTORIZAÇÃO OU CESSÃO DO DIREITO DE USO DE BENS IMÓVEIS PÚBLICOS;CONCESSÃO, PERMISSÃO, AUTORIZAÇÃO OU CESSÃO DO DIREITO DE USO DE BENS IMÓVEIS PÚBLICOS - PRINCIPAL;1599953.0;1649820.94
2016;02000 - SENADO FEDERAL;31/12/2016;1 - RECEITAS CORRENTES;13 - RECEITA PATRIMONIAL;131 - EXPLORAÇÃO DO PATRIMÔNIO IMOBILIÁRIO DO ESTADO;0.02.1 - CONCESSÃO, PERMISSÃO, AUTORIZAÇÃO OU CESSÃO DO DIREITO DE USO DE BENS IMÓVEIS PÚBLICOS;CONCESSÃO, PERMISSÃO, AUTORIZAÇÃO OU CESSÃO DO DIREITO DE USO DE BENS IMÓVEIS PÚBLICOS - MULTAS E JUROS;0.0;59.6
2016;02000 - SENADO FEDERAL;31/12/2016;1 - RECEITAS CORRENTES;13 - RECEITA PATRIMONIAL;136 - CESSÃO DE DIREITOS;0.01.1 - CESSÃO DO DIREITO DE OPERACIONALIZAÇÃO DE PAGAMENTOS;CESSÃO DO DIREITO DE OPERACIONALIZAÇÃO DE PAGAMENTOS - PRINCIPAL;39538013.0;43433062.82
2016;02000 - SENADO FEDERAL;31/12/2016;1 - RECEITAS CORRENTES;15 - RECEITA INDUSTRIAL;150 - RECEITA INDUSTRIAL;0.00.1 - RECEITA INDUSTRIAL;RECEITA INDUSTRIAL - PRINCIPAL;827542.0;684703.67
2016;02000 - SENADO FEDERAL;31/12/2016;1 - RECEITAS CORRENTES;16 - RECEITA DE SERVIÇOS;161 - SERVIÇOS ADMINISTRATIVOS E COMERCIAIS GERAIS;0.01.1 - SERVIÇOS ADMINISTRATIVOS E COMERCIAIS GERAIS;SERVIÇOS ADMINISTRATIVOS E COMERCIAIS GERAIS - PRINCIPAL;200694.0;222687.21
2016;02000 - SENADO FEDERAL;31/12/2016;1 - RECEITAS CORRENTES;16 - RECEITA DE SERVIÇOS;163 - SERVIÇOS E ATIVIDADES REFERENTES À SAÚDE;0.01.1 - SERVIÇOS DE ATENDIMENTO À SAÚDE;SERVIÇOS DE ATENDIMENTO À SAÚDE - PRINCIPAL;0.0;0.0
2016;02000 - SENADO FEDERAL;31/12/2016;1 - RECEITAS CORRENTES;16 - RECEITA DE SERVIÇOS;163 - SERVIÇOS E ATIVIDADES REFERENTES À SAÚDE;0.01.1 - SERVIÇOS DE ATENDIMENTO À SAÚDE;SERVIÇOS DE ATENDIMENTO À SAÚDE - MULTAS E JUROS;0.0;0.0
2016;02000 - SENADO FEDERAL;31/12/2016;1 - RECEITAS CORRENTES;16 - RECEITA DE SERVIÇOS;163 - SERVIÇOS E ATIVIDADES REFERENTES À SAÚDE;0.02.1 - SERVIÇOS DE ASSISTÊNCIA À SAÚDE SUPLEMENTAR DO SERVIDOR CIVIL;SERVIÇOS DE ASSISTÊNCIA À SAÚDE SUPLEMENTAR DO SERVIDOR CIVIL - PRINCIPAL;1700000.0;1326075.57
2016;02000 - SENADO FEDERAL;31/12/2016;1 - RECEITAS CORRENTES;16 - RECEITA DE SERVIÇOS;163 - SERVIÇOS E ATIVIDADES REFERENTES À SAÚDE;0.02.1 - SERVIÇOS DE ASSISTÊNCIA À SAÚDE SUPLEMENTAR DO SERVIDOR CIVIL;SERVIÇOS DE ASSISTÊNCIA À SAÚDE SUPLEMENTAR DO SERVIDOR CIVIL - MULTAS E JUROS;0.0;13027.71
2016;02000 - SENADO FEDERAL;31/12/2016;1 - RECEITAS CORRENTES;19 - OUTRAS RECEITAS CORRENTES;191 - MULTAS ADMINISTRATIVAS, CONTRATUAIS E JUDICIAIS;0.09.1 - MULTAS E JUROS PREVISTOS EM CONTRATOS;MULTAS E JUROS PREVISTOS EM CONTRATOS - PRINCIPAL;648443.0;2853701.22
2016;02000 - SENADO FEDERAL;31/12/2016;1 - RECEITAS CORRENTES;19 - OUTRAS RECEITAS CORRENTES;192 - INDENIZAÇÕES, RESTITUIÇÕES E RESSARCIMENTOS;1.01.1 - INDENIZAÇÕES POR DANOS CAUSADOS AO PATRIMÔNIO PÚBLICO;INDENIZAÇÕES POR DANOS CAUSADOS AO PATRIMÔNIO PÚBLICO - PRINCIPAL;3846.0;362.21
2016;02000 - SENADO FEDERAL;31/12/2016;1 - RECEITAS CORRENTES;19 - OUTRAS RECEITAS CORRENTES;192 - INDENIZAÇÕES, RESTITUIÇÕES E RESSARCIMENTOS;2.06.1 - RESTITUIÇÃO DE DESPESAS DE EXERCÍCIOS ANTERIORES;RESTITUIÇÃO DE DESPESAS DE EXERCÍCIOS ANTERIORES - PRINCIPAL;0.0;1498286.04
2016;02000 - SENADO FEDERAL;31/12/2016;1 - RECEITAS CORRENTES;19 - OUTRAS RECEITAS CORRENTES;192 - INDENIZAÇÕES, RESTITUIÇÕES E RESSARCIMENTOS;2.99.1 - OUTRAS RESTITUIÇÕES;OUTRAS RESTITUIÇÕES - PRINCIPAL;192138.0;69841.41
2016;02000 - SENADO FEDERAL;31/12/2016;2 - RECEITAS DE CAPITAL;22 - ALIENAÇÃO DE BENS;221 - ALIENAÇÃO DE BENS MÓVEIS;3.00.1 - ALIENAÇÃO DE BENS MÓVEIS E SEMOVENTES;ALIENAÇÃO DE BENS MÓVEIS E SEMOVENTES - PRINCIPAL;120906.0;164610.0
2016;02000 - SENADO FEDERAL;31/12/2016;7 - RECEITAS CORRENTES - OPERAÇÕES INTRAORÇAMENTÁRIAS;73 - RECEITA PATRIMONIAL - OPERAÇÕES INTRAORÇAMENTÁRIAS;731 - EXPLORAÇÃO DO PATRIMÔNIO IMOBILIÁRIO DO ESTADO - OPERAÇÕES INTRAORÇAMENTÁRIAS;0.02.1 - CONCESSÃO, PERMISSÃO, AUTORIZAÇÃO OU CESSÃO DO DIREITO DE USO DE BENS IMÓVEIS PÚBLICOS - OPERAÇÕES INTRAORÇAMENTÁRIAS;CONCESSÃO, PERMISSÃO, AUTORIZAÇÃO OU CESSÃO DO DIREITO DE USO DE BENS IMÓVEIS PÚBLICOS - PRINCIPAL - OPERAÇÕES INTRAORÇAMENTÁRIAS;153071.0;148242.47
2016;02000 - SENADO FEDERAL;31/12/2016;7 - RECEITAS CORRENTES - OPERAÇÕES INTRAORÇAMENTÁRIAS;75 - RECEITA INDUSTRIAL - OPERAÇÕES INTRAORÇAMENTÁRIAS;750 - RECEITA INDUSTRIAL - OPERAÇÕES INTRAORÇAMENTÁRIAS;0.00.1 - RECEITA INDUSTRIAL - OPERAÇÕES INTRAORÇAMENTÁRIAS;RECEITA INDUSTRIAL - PRINCIPAL - OPERAÇÕES INTRAORÇAMENTÁRIAS;600000.0;862280.99
2016;98000 - RECEITA DO TESOURO DA UNIÃO;31/12/2016;1 - RECEITAS CORRENTES;18 - RECEITAS CORRENTES A CLASSIFICAR;180 - RECEITAS CORRENTES A CLASSIFICAR;0.00.0 - RECEITAS CORRENTES A CLASSIFICAR;RECEITAS CORRENTES A CLASSIFICAR;0.0;0.0
2015;02000 - SENADO FEDERAL;31/12/2015;1 - RECEITAS CORRENTES;13 - RECEITA PATRIMONIAL;131 - RECEITAS IMOBILIÁRIAS;00 - ALUGUÉIS;ALUGUEIS;0.0;1509.06
2015;02000 - SENADO FEDERAL;31/12/2015;1 - RECEITAS CORRENTES;13 - RECEITA PATRIMONIAL;133 - RECEITA DE CONCESSÕES E PERMISSÕES;01 - RECEITA DE CONCESSÃO DE DIREITO REAL DE USO DE ÁREA PÚBLICA;REC. CONCESS. DE DIREITO REAL USO AREA PUBLIC;1480971.0;1405182.86
2015;02000 - SENADO FEDERAL;31/12/2015;1 - RECEITAS CORRENTES;13 - RECEITA PATRIMONIAL;136 - CESSÃO DE DIREITOS;01 - RECEITA CESSAO DIR.OPERACIONALIZACAO FOPAG;RECEITA CESSAO DIR.OPERACIONALIZACAO FOPAG;0.0;16052327.13
2015;02000 - SENADO FEDERAL;31/12/2015;1 - RECEITAS CORRENTES;15 - RECEITA INDUSTRIAL;152 - RECEITA DA INDÚSTRIA DE TRANSFORMAÇÃO;29 - RECEITA DA INDÚSTRIA EDITORIAL E GRÁFICA;RECEITA DA INDUSTRIA EDITORIAL E GRAFICA;789322.0;673215.38
2015;02000 - SENADO FEDERAL;31/12/2015;1 - RECEITAS CORRENTES;16 - RECEITA DE SERVIÇOS;160 - RECEITA DE SERVIÇOS;05 - SERVIÇOS DE SAÚDE;OUTROS SERVICOS DE SAUDE;0.0;886254.16
2015;02000 - SENADO FEDERAL;31/12/2015;1 - RECEITAS CORRENTES;16 - RECEITA DE SERVIÇOS;160 - RECEITA DE SERVIÇOS;13 - SERVIÇOS ADMINISTRATIVOS;SERVICOS ADMINISTRATIVOS;202690.0;192166.76
2015;02000 - SENADO FEDERAL;31/12/2015;1 - RECEITAS CORRENTES;19 - OUTRAS RECEITAS CORRENTES;191 - MULTAS ADMINISTRATIVAS, CONTRATUAIS E JUDICIAIS;27 - MULTAS E JUROS PREVISTOS EM CONTRATOS;MULTAS E JUROS PREVISTOS EM CONTRATOS;1120987.0;1703694.26
2015;02000 - SENADO FEDERAL;31/12/2015;1 - RECEITAS CORRENTES;19 - OUTRAS RECEITAS CORRENTES;191 - MULTAS ADMINISTRATIVAS, CONTRATUAIS E JUDICIAIS;99 - OUTRAS MULTAS;OUTRAS MULTAS;0.0;62.87
2015;02000 - SENADO FEDERAL;31/12/2015;1 - RECEITAS CORRENTES;19 - OUTRAS RECEITAS CORRENTES;192 - INDENIZAÇÕES E RESTITUIÇÕES;06 - INDENIZAÇÕES POR DANOS CAUSADOS AO PATRIMÔNIO PÚBLICO;INDENIZ. POR  DANOS CAUSADOS AO PATR. PUBLICO;10562.0;0.0
2015;02000 - SENADO FEDERAL;31/12/2015;1 - RECEITAS CORRENTES;19 - OUTRAS RECEITAS CORRENTES;192 - INDENIZAÇÕES E RESTITUIÇÕES;07 - RECUPERAÇÃO DE DESPESAS DE EXERCÍCIOS ANTERIORES;RECUPERACAO DE DESPESAS DE EXERC. ANTERIORES;1687775.0;1630883.75
2015;02000 - SENADO FEDERAL;31/12/2015;1 - RECEITAS CORRENTES;19 - OUTRAS RECEITAS CORRENTES;192 - INDENIZAÇÕES E RESTITUIÇÕES;99 - OUTRAS RESTITUIÇÕES;OUTRAS RESTITUICOES;187078.0;274286.76
2015;02000 - SENADO FEDERAL;31/12/2015;2 - RECEITAS DE CAPITAL;22 - ALIENAÇÃO DE BENS;221 - ALIENAÇÃO DE BENS MÓVEIS;00 - ALIENAÇÃO DE MÓVEIS E UTENSÍLIOS;ALIENACAO DE MOVEIS E UTENSILIOS;181970.0;0.0
2015;02000 - SENADO FEDERAL;31/12/2015;2 - RECEITAS DE CAPITAL;22 - ALIENAÇÃO DE BENS;221 - ALIENAÇÃO DE BENS MÓVEIS;00 - ALIENAÇÃO DE OUTROS BENS MÓVEIS;ALIENACAO DE OUTROS BENS MOVEIS;0.0;86390.0
2015;02000 - SENADO FEDERAL;31/12/2015;2 - RECEITAS DE CAPITAL;22 - ALIENAÇÃO DE BENS;221 - ALIENAÇÃO DE BENS MÓVEIS;00 - ALIENAÇÃO DE VEÍCULOS;ALIENACAO DE VEICULOS;1070920.0;316600.0
2015;02000 - SENADO FEDERAL;31/12/2015;7 - RECEITAS CORRENTES - OPERAÇÕES INTRAORÇAMENTÁRIAS;73 - RECEITA PATRIMONIAL - OPERAÇÕES INTRAORÇAMENTÁRIAS;733 - RECEITA DE CONCESSÕES E PERMISSÕES - OPERAÇÕES INTRAORÇAMENTÁRIAS;01 - RECEITA DE CONCESSÃO DE DIREITO REAL DE USO DE ÁREA PÚBLICA - OPERAÇÕES INTRA-ORÇAMENTÁRIAS;REC. CONCESS. DE DIREITO REAL USO AREA PUBLIC;167782.0;126422.09
2015;02000 - SENADO FEDERAL;31/12/2015;7 - RECEITAS CORRENTES - OPERAÇÕES INTRAORÇAMENTÁRIAS;75 - RECEITA INDUSTRIAL - OPERAÇÕES INTRAORÇAMENTÁRIAS;752 - RECEITA DA INDÚSTRIA DE TRANSFORMAÇÃO - OPERAÇÕES INTRAORÇAMENTÁRIAS;29 - RECEITA DA INDÚSTRIA EDITORIAL E GRÁFICA - OPERAÇÕES INTRAORÇAMENTÁRIAS;RECEITA DA INDUSTRIA EDITORIAL E GRAFICA;985678.0;20750.94
2015;02000 - SENADO FEDERAL;31/12/2015;7 - RECEITAS CORRENTES - OPERAÇÕES INTRAORÇAMENTÁRIAS;76 - RECEITA DE SERVIÇOS - OPERAÇÕES INTRAORÇAMENTÁRIAS;760 - RECEITA DE SERVIÇOS - OPERAÇÕES INTRAORÇAMENTÁRIAS;01 - SERVIÇOS COMERCIAS - OPERAÇÕES INTRAORÇAMENTÁRIAS;SERV.DE COM.LIVROS PERIOD.MAT.ESC.E PUBLICID.;0.0;-23006.4
2014;02000 - SENADO FEDERAL;17/01/2015;1 - RECEITAS CORRENTES;13 - RECEITA PATRIMONIAL;131 - RECEITAS IMOBILIÁRIAS;131100 - ALUGUÉIS;ALUGUÉIS;0.0;0.0
2014;02000 - SENADO FEDERAL;17/01/2015;1 - RECEITAS CORRENTES;13 - RECEITA PATRIMONIAL;131 - RECEITAS IMOBILIÁRIAS;131200 - ARRENDAMENTOS;ARRENDAMENTOS;0.0;0.0
2014;02000 - SENADO FEDERAL;17/01/2015;1 - RECEITAS CORRENTES;13 - RECEITA PATRIMONIAL;133 - RECEITA DE CONCESSÕES E PERMISSÕES;133301 - RECEITA DE CONCESSÃO DE DIREITO REAL DE USO DE ÁREA PÚBLICA;RECEITA DE CONCESSÃO DE DIREITO REAL DE USO DE ÁREA PÚBLICA;1093034.0;1482635.5
2014;02000 - SENADO FEDERAL;17/01/2015;1 - RECEITAS CORRENTES;13 - RECEITA PATRIMONIAL;136 - CESSÃO DE DIREITOS;136101 - RECEITA CESSAO DIR.OPERACIONALIZACAO FOPAG;RECEITA CESSAO DIR.OPERACIONALIZACAO FOPAG;0.0;48764735.0
2014;02000 - SENADO FEDERAL;17/01/2015;1 - RECEITAS CORRENTES;15 - RECEITA INDUSTRIAL;152 - RECEITA DA INDÚSTRIA DE TRANSFORMAÇÃO;152029 - RECEITA DA INDÚSTRIA EDITORIAL E GRÁFICA;RECEITA DA INDÚSTRIA EDITORIAL E GRÁFICA;659293.0;593657.47
2014;02000 - SENADO FEDERAL;17/01/2015;1 - RECEITAS CORRENTES;16 - RECEITA DE SERVIÇOS;160 - RECEITA DE SERVIÇOS;160013 - SERVIÇOS ADMINISTRATIVOS;SERVIÇOS ADMINISTRATIVOS;191899.0;173486.05
2014;02000 - SENADO FEDERAL;17/01/2015;1 - RECEITAS CORRENTES;19 - OUTRAS RECEITAS CORRENTES;191 - MULTAS ADMINISTRATIVAS, CONTRATUAIS E JUDICIAIS;191927 - MULTAS E JUROS PREVISTOS EM CONTRATOS;MULTAS E JUROS PREVISTOS EM CONTRATOS;951845.0;623483.29
2014;02000 - SENADO FEDERAL;17/01/2015;1 - RECEITAS CORRENTES;19 - OUTRAS RECEITAS CORRENTES;192 - INDENIZAÇÕES E RESTITUIÇÕES;192106 - INDENIZAÇÕES POR DANOS CAUSADOS AO PATRIMÔNIO PÚBLICO;INDENIZAÇÕES POR DANOS CAUSADOS AO PATRIMÔNIO PÚBLICO;7538.0;6830.16
2014;02000 - SENADO FEDERAL;17/01/2015;1 - RECEITAS CORRENTES;19 - OUTRAS RECEITAS CORRENTES;192 - INDENIZAÇÕES E RESTITUIÇÕES;192199 - OUTRAS INDENIZAÇÕES;OUTRAS INDENIZAÇÕES;0.0;0.0
2014;02000 - SENADO FEDERAL;17/01/2015;1 - RECEITAS CORRENTES;19 - OUTRAS RECEITAS CORRENTES;192 - INDENIZAÇÕES E RESTITUIÇÕES;192201 - RESTITUIÇÕES DE CONVÊNIOS;RESTITUICOES DE CONVENIOS - PRIMARIAS;0.0;310611.05
2014;02000 - SENADO FEDERAL;17/01/2015;1 - RECEITAS CORRENTES;19 - OUTRAS RECEITAS CORRENTES;192 - INDENIZAÇÕES E RESTITUIÇÕES;192207 - RECUPERAÇÃO DE DESPESAS DE EXERCÍCIOS ANTERIORES;RECUPERAÇÃO DE DESPESAS DE EXERCÍCIOS ANTERIORES;3439240.0;3107220.39
2014;02000 - SENADO FEDERAL;17/01/2015;1 - RECEITAS CORRENTES;19 - OUTRAS RECEITAS CORRENTES;192 - INDENIZAÇÕES E RESTITUIÇÕES;192299 - OUTRAS RESTITUIÇÕES;OUTRAS RESTITUIÇÕES;1270580.0;1016605.62
2014;02000 - SENADO FEDERAL;17/01/2015;2 - RECEITAS DE CAPITAL;22 - ALIENAÇÃO DE BENS;221 - ALIENAÇÃO DE BENS MÓVEIS;221500 - ALIENAÇÃO DE VEÍCULOS;ALIENAÇÃO DE VEÍCULOS;0.0;55371.4
2014;02000 - SENADO FEDERAL;17/01/2015;2 - RECEITAS DE CAPITAL;22 - ALIENAÇÃO DE BENS;221 - ALIENAÇÃO DE BENS MÓVEIS;221600 - ALIENAÇÃO DE MÓVEIS E UTENSÍLIOS;ALIENAÇÃO DE MÓVEIS E UTENSÍLIOS;246460.0;0.0
2014;02000 - SENADO FEDERAL;17/01/2015;2 - RECEITAS DE CAPITAL;22 - ALIENAÇÃO DE BENS;221 - ALIENAÇÃO DE BENS MÓVEIS;221900 - ALIENAÇÃO DE OUTROS BENS MÓVEIS;ALIENAÇÃO DE OUTROS BENS MÓVEIS;134450.0;0.0
2014;02000 - SENADO FEDERAL;17/01/2015;7 - RECEITAS CORRENTES - OPERAÇÕES INTRAORÇAMENTÁRIAS;73 - RECEITA PATRIMONIAL - OPERAÇÕES INTRAORÇAMENTÁRIAS;733 - RECEITA DE CONCESSÕES E PERMISSÕES - OPERAÇÕES INTRAORÇAMENTÁRIAS;733301 - RECEITA DE CONCESSÃO DE DIREITO REAL DE USO DE ÁREA PÚBLICA - OPERAÇÕES INTRA-ORÇAMENTÁRIAS;RECEITA DE CONCESSÃO DE DIREITO REAL DE USO DE ÁREA PÚBLICA - OPERAÇÕES INTRA-ORÇAMENTÁRIAS;189594.0;167753.82
2014;02000 - SENADO FEDERAL;17/01/2015;7 - RECEITAS CORRENTES - OPERAÇÕES INTRAORÇAMENTÁRIAS;75 - RECEITA INDUSTRIAL - OPERAÇÕES INTRAORÇAMENTÁRIAS;752 - RECEITA DA INDÚSTRIA DE TRANSFORMAÇÃO - OPERAÇÕES INTRAORÇAMENTÁRIAS;752029 - RECEITA DA INDÚSTRIA EDITORIAL E GRÁFICA - OPERAÇÕES INTRAORÇAMENTÁRIAS;RECEITA DA INDÚSTRIA EDITORIAL E GRÁFICA - OPERAÇÕES INTRAORÇAMENTÁRIAS;0.0;247630.74
2013;02000 - SENADO FEDERAL;18/01/2014;1 - RECEITAS CORRENTES;13 - RECEITA PATRIMONIAL;131 - RECEITAS IMOBILIÁRIAS;131100 - ALUGUÉIS;ALUGUÉIS;0.0;0.0
2013;02000 - SENADO FEDERAL;18/01/2014;1 - RECEITAS CORRENTES;13 - RECEITA PATRIMONIAL;133 - RECEITA DE CONCESSÕES E PERMISSÕES;133301 - RECEITA DE CONCESSÃO DE DIREITO REAL DE USO DE ÁREA PÚBLICA;RECEITA DE CONCESSÃO DE DIREITO REAL DE USO DE ÁREA PÚBLICA;1001123.0;1078307.38
2013;02000 - SENADO FEDERAL;18/01/2014;1 - RECEITAS CORRENTES;15 - RECEITA INDUSTRIAL;152 - RECEITA DA INDÚSTRIA DE TRANSFORMAÇÃO;152029 - RECEITA DA INDÚSTRIA EDITORIAL E GRÁFICA;RECEITA DA INDÚSTRIA EDITORIAL E GRÁFICA;873304.0;525479.41
2013;02000 - SENADO FEDERAL;18/01/2014;1 - RECEITAS CORRENTES;16 - RECEITA DE SERVIÇOS;160 - RECEITA DE SERVIÇOS;160013 - SERVIÇOS ADMINISTRATIVOS;SERVIÇOS ADMINISTRATIVOS;294079.0;176621.49
2013;02000 - SENADO FEDERAL;18/01/2014;1 - RECEITAS CORRENTES;19 - OUTRAS RECEITAS CORRENTES;191 - MULTAS ADMINISTRATIVAS, CONTRATUAIS E JUDICIAIS;191927 - MULTAS E JUROS PREVISTOS EM CONTRATOS;MULTAS E JUROS PREVISTOS EM CONTRATOS;959950.0;999006.31
2013;02000 - SENADO FEDERAL;18/01/2014;1 - RECEITAS CORRENTES;19 - OUTRAS RECEITAS CORRENTES;191 - MULTAS ADMINISTRATIVAS, CONTRATUAIS E JUDICIAIS;191999 - OUTRAS MULTAS;OUTRAS MULTAS;0.0;179.25
2013;02000 - SENADO FEDERAL;18/01/2014;1 - RECEITAS CORRENTES;19 - OUTRAS RECEITAS CORRENTES;192 - INDENIZAÇÕES E RESTITUIÇÕES;192106 - INDENIZAÇÕES POR DANOS CAUSADOS AO PATRIMÔNIO PÚBLICO;INDENIZAÇÕES POR DANOS CAUSADOS AO PATRIMÔNIO PÚBLICO;1602.0;8576.67
2013;02000 - SENADO FEDERAL;18/01/2014;1 - RECEITAS CORRENTES;19 - OUTRAS RECEITAS CORRENTES;192 - INDENIZAÇÕES E RESTITUIÇÕES;192199 - OUTRAS INDENIZAÇÕES;OUTRAS INDENIZAÇÕES;0.0;0.0
2013;02000 - SENADO FEDERAL;18/01/2014;1 - RECEITAS CORRENTES;19 - OUTRAS RECEITAS CORRENTES;192 - INDENIZAÇÕES E RESTITUIÇÕES;192201 - RESTITUIÇÕES DE CONVÊNIOS;RESTITUIÇÕES DE CONVÊNIOS;95215.0;113888.35
2013;02000 - SENADO FEDERAL;18/01/2014;1 - RECEITAS CORRENTES;19 - OUTRAS RECEITAS CORRENTES;192 - INDENIZAÇÕES E RESTITUIÇÕES;192207 - RECUPERAÇÃO DE DESPESAS DE EXERCÍCIOS ANTERIORES;RECUPERAÇÃO DE DESPESAS DE EXERCÍCIOS ANTERIORES;0.0;4710934.02
2013;02000 - SENADO FEDERAL;18/01/2014;1 - RECEITAS CORRENTES;19 - OUTRAS RECEITAS CORRENTES;192 - INDENIZAÇÕES E RESTITUIÇÕES;192299 - OUTRAS RESTITUIÇÕES;OUTRAS RESTITUIÇÕES;1477585.0;1041461.49
2013;02000 - SENADO FEDERAL;18/01/2014;2 - RECEITAS DE CAPITAL;22 - ALIENAÇÃO DE BENS;221 - ALIENAÇÃO DE BENS MÓVEIS;221500 - ALIENAÇÃO DE VEÍCULOS;ALIENAÇÃO DE VEÍCULOS;0.0;853400.0
2013;02000 - SENADO FEDERAL;18/01/2014;2 - RECEITAS DE CAPITAL;22 - ALIENAÇÃO DE BENS;221 - ALIENAÇÃO DE BENS MÓVEIS;221600 - ALIENAÇÃO DE MÓVEIS E UTENSÍLIOS;ALIENAÇÃO DE MÓVEIS E UTENSÍLIOS;0.0;181970.0
2013;02000 - SENADO FEDERAL;18/01/2014;2 - RECEITAS DE CAPITAL;22 - ALIENAÇÃO DE BENS;221 - ALIENAÇÃO DE BENS MÓVEIS;221900 - ALIENAÇÃO DE OUTROS BENS MÓVEIS;ALIENAÇÃO DE OUTROS BENS MÓVEIS;0.0;0.0
2013;02000 - SENADO FEDERAL;18/01/2014;7 - RECEITAS CORRENTES - OPERAÇÕES INTRAORÇAMENTÁRIAS;73 - RECEITA PATRIMONIAL - OPERAÇÕES INTRAORÇAMENTÁRIAS;733 - RECEITA DE CONCESSÕES E PERMISSÕES - OPERAÇÕES INTRAORÇAMENTÁRIAS;733301 - RECEITA DE CONCESSÃO DE DIREITO REAL DE USO DE ÁREA PÚBLICA - OPERAÇÕES INTRA-ORÇAMENTÁRIAS;RECEITA DE CONCESSÃO DE DIREITO REAL DE USO DE ÁREA PÚBLICA - OPERAÇÕES INTRA-ORÇAMENTÁRIAS;156695.0;137219.17
2013;02000 - SENADO FEDERAL;18/01/2014;7 - RECEITAS CORRENTES - OPERAÇÕES INTRAORÇAMENTÁRIAS;75 - RECEITA INDUSTRIAL - OPERAÇÕES INTRAORÇAMENTÁRIAS;752 - RECEITA DA INDÚSTRIA DE TRANSFORMAÇÃO - OPERAÇÕES INTRAORÇAMENTÁRIAS;752029 - RECEITA DA INDÚSTRIA EDITORIAL E GRÁFICA - OPERAÇÕES INTRAORÇAMENTÁRIAS;RECEITA DA INDÚSTRIA EDITORIAL E GRÁFICA - OPERAÇÕES INTRAORÇAMENTÁRIAS;1100000.0;1104824.57
